"","Nest_ID","Year_located","Project_ID","Transect_ID2","Trt_cat","Type","Initiation_date","Trees_2550","Trees_50","pPIPO","a1000_areamn2","a1000_areaam2","a1000_areacv2","a1000_contag","a1000_pland2","a1000_pland1","a1000_lpi","a1000_lpi1","a1000_lpi2","a1000_np","a1000_np2","a1000_np1","a1000_proxmn2","a1000_Ha","a1000_RxBu","a1000_WFBu","a1000_PBu","n_burn","n_harvest","n_tx","Tm_since_b","Tm_since_h","Tm_since_tx","Time_groups","No_eggs","Month","Init_day","ClimateYear","Tmax","Tmax_l1","Tmax_l2","Tmax_l3","Tmax_l4","Tmax_l5","Tmax_l6","Tmax_l7","Tmax_l8","Tmax_l9","Tmax_l10","PPT","PPT_l1","PPT_l2","PPT_l3","PPT_l4","PPT_l5","PPT_l6","PPT_l7","PPT_l8","PPT_l9","PPT_l10","Tmax_activeinsects","PPT_activeinsects","Tmax_dormantinsects","PPT_dormantinsects"
"1","EMFWOR_NCAMC1-01A_2015",2015,"EMFWOR","EMFWOR_CAMC1","U","egg",2015-06-06,33.3333333333333,17.5,0.272727272727273,4.46,61.0449982,356.1910095,22.1828995,26.1660004,47.6679001,36.5209999,36.5209999,22.7632999,49,18,31,91.7546997,0,0,0,0,0,0,0,"oot","oot","oot","oot",3,"05",157,2015,16.2,12.9,6.9,3.6,3.9,3.1,9.9,12.1,22.1,26.5,29.8,26,26,25,37,44,89,28,79,44,5,4,29.8,175,12.8,249
"2","EMFWOR_NCAMC1-02A_2018",2018,"EMFWOR","EMFWOR_CAMC1","U","egg+nestling",2018-05-28,191.666666666667,17.5,0.5,8.9935703,114.0319977,341.7489929,19.5303001,41.0383987,41.3903999,39.0437012,30.1555004,39.0437012,44,14,30,185.2279968,0,0,0,0,0,0,0,"oot","oot","oot","oot",3,"05",148,2018,16.4,13,7.1,3.8,4,3.3,10,12.2,22.3,26.7,30,25,26,25,36,44,88,28,78,44,5,4,29.7,176,12.8,251
"3","EMFWOR_NCAMC1-02A_2019",2019,"EMFWOR","EMFWOR_CAMC1","U","egg",2019-06-12,191.666666666667,17.5,0.5,8.9935703,114.0319977,341.7489929,19.5303001,41.0383987,41.3903999,39.0437012,30.1555004,39.0437012,44,14,30,185.2279968,0,0,0,0,0,0,0,"oot","oot","oot","oot",6,"05",163,2019,16.4,13,7.1,3.8,4,3.3,10,12.2,22.3,26.7,30,25,26,25,36,44,88,28,78,44,5,4,30,171,13,247
"4","EMFWOR_NCAMC2-10A_2018",2018,"EMFWOR","EMFWOR_CAMC2","U","egg",2018-05-23,91.6666666666667,7.5,0.733333333333333,7.2821698,153.2559967,447.7210083,14.8600998,54.5908012,32.4141998,52.2146988,15.9870996,52.2146988,83,23,60,339.0390015,0,0,0,0,0,0,0,"oot","oot","oot","oot",4,"05",143,2018,16,12.7,6.8,3.6,3.8,3,9.7,11.9,22,26.4,29.6,26,26,25,37,45,90,28,80,47,5,4,28.9,188,12.1,259
"5","EMFWOR_NCAMC2-10A_2019",2019,"EMFWOR","EMFWOR_CAMC2","U","egg",2019-06-03,91.6666666666667,7.5,0.733333333333333,7.2821698,153.2559967,447.7210083,14.8600998,54.5908012,32.4141998,52.2146988,15.9870996,52.2146988,83,23,60,339.0390015,0,0,0,0,0,0,0,"oot","oot","oot","oot",3,"05",154,2019,16,12.7,6.8,3.6,3.8,3,9.7,11.9,22,26.4,29.6,26,26,25,37,45,90,28,80,47,5,4,29.6,178,12.7,251
"6","EMFWOR_NCAMC3-08A_2018",2018,"EMFWOR","EMFWOR_CAMC3","U","egg",2018-05-20,75,0,0,2.75211,22.6940994,269.1860046,33.5130997,17.0431004,51.5400009,49.2519989,49.2519989,10.8242998,27,19,8,21.7856007,0,0,0,0,0,0,0,"oot","oot","oot","oot",4,"05",140,2018,15.9,12.6,6.6,3.4,3.6,2.9,9.6,11.8,21.8,26.2,29.5,27,26,26,37,45,91,27,82,46,5,4,29.4,180,12.5,253
"7","EMFWOR_NCAMC3-08A_2020",2020,"EMFWOR","EMFWOR_CAMC3","U","egg",2020-05-25,33.3333333333333,5,0.142857142857143,2.4300001,20.0788002,269.4970093,33.4715004,17.4244995,52.7720985,50.5719986,50.5719986,10.2082996,28,22,6,22.9120007,0,0,0,0,0,0,0,"oot","oot","oot","oot",4,"05",146,2020,15.9,12.6,6.6,3.4,3.6,2.9,9.6,11.8,21.8,26.2,29.5,27,26,26,37,45,91,27,82,46,5,4,29.5,180,12.6,252
"8","EMFWOR_NCAMC4-01A_2020",2020,"EMFWOR","EMFWOR_CAMC4","B","egg",NA,50,15,0.166666666666667,0.54,4.8133702,281.3120117,26.6476002,17.7765007,59.9883003,56.5267982,56.5267982,3.9601099,119,101,18,7.0058198,5.8961601,61.9155006,0,13.1617002,1,0,1,"2","oot","2","0-5",4,"05",NA,2020,14.8,11.5,5.6,2.5,3,2.1,8.8,10.8,20.8,25.3,28.4,29,30,29,44,50,108,31,90,54,4,5,28.4,200,11.5,292
"9","EMFWOR_NCAMC4-07A_2019",2019,"EMFWOR","EMFWOR_CAMC4","U","egg",2019-05-26,66.6666666666667,20,0.823529411764706,1.3890001,9.7804499,245.7920074,15.8908997,27.1634007,56.5561981,54.8548012,54.8548012,7.2161899,83,60,23,15.8381004,0,0,0,0,0,0,0,"oot","oot","oot","oot",4,"05",146,2019,15.4,12,6.1,3,3.4,2.5,9.2,11.3,21.3,25.8,28.9,28,27,27,40,47,100,30,86,51,4,5,28.9,192,12,274
"10","EMFWOR_NCAMC4-09A_2020",2020,"EMFWOR","EMFWOR_CAMC4","U","egg",2020-05-31,116.666666666667,7.5,0.529411764705882,0.839531,3.8398499,189.0449982,27.9113998,17.5125008,60.6922989,57.9054985,57.9054985,3.1974199,71,64,7,8.7692699,0,0,0,0,0,0,0,"oot","oot","oot","oot",4,"05",152,2020,15.9,12.5,6.5,3.4,3.7,2.9,9.6,11.7,21.8,26.3,29.4,27,26,26,39,45,95,29,82,49,4,4,28.9,192,12,271
"11","EMFWOR_NCAMC4-10B_2018",2018,"EMFWOR","EMFWOR_CAMC4","U","egg",2018-05-22,8.33333333333333,0,0,1.22464,13.0479002,310.7160034,19.4978008,22.3526001,53.0653992,31.4755001,31.4755001,8.6242304,76,56,20,14.7007999,0,0,0,0,0,0,0,"oot","oot","oot","oot",4,"05",142,2018,16.1,12.7,6.8,3.6,3.8,3.1,9.8,11.9,22,26.5,29.7,26,26,26,38,45,92,28,80,47,4,4,29.5,181,12.5,259
"12","EMFWOR_NCAMC5-01A_2015",2015,"EMFWOR","EMFWOR_CAMC5","U","egg+nestling",2015-05-30,16.6666666666667,2.5,0.4,0.975789,7.8882499,266.1570129,28.5111008,18.1285,62.6870003,61.4842987,61.4842987,5.5148101,70,57,13,10.4209995,0,0,0,0,0,0,0,"oot","oot","oot","oot",1,"05",150,2015,15.6,12.2,6.3,3.2,3.5,2.7,9.4,11.5,21.5,26,29.2,27,27,26,39,45,97,29,84,50,4,4,29.1,186,12.1,260
"13","EMFWOR_NCAMC5-01A_2017",2017,"EMFWOR","EMFWOR_CAMC5","U","egg+nestling",2017-05-12,33.3333333333333,12.5,0.4,0.975789,7.8882499,266.1570129,28.5111008,18.1285,62.6870003,61.4842987,61.4842987,5.5148101,70,57,13,10.4209995,0,0,0,0,0,0,0,"oot","oot","oot","oot",2,"05",132,2017,15.6,12.2,6.3,3.2,3.5,2.7,9.4,11.5,21.5,26,29.2,27,27,26,39,45,97,29,84,50,4,4,29.2,186,12.2,263
"14","EMFWOR_NCAMC5-01A_2018",2018,"EMFWOR","EMFWOR_CAMC5","U","egg",2018-05-20,25,2.5,0.2,0.975789,7.8882499,266.1570129,28.5111008,18.1285,62.6870003,61.4842987,61.4842987,5.5148101,70,57,13,10.4209995,0,0,0,0,0,0,0,"oot","oot","oot","oot",4,"05",140,2018,15.6,12.2,6.3,3.2,3.5,2.7,9.4,11.5,21.5,26,29.2,27,27,26,39,45,97,29,84,50,4,4,29.2,186,12.2,263
"15","EMFWOR_NCAMC5-01A_2020",2020,"EMFWOR","EMFWOR_CAMC5","U","egg",2020-06-09,66.6666666666667,22.5,1,1.1087199,8.3336296,255.272995,30.7194004,16.9845009,61.9243011,60.6629982,60.6629982,5.5148101,61,47,14,11.0150003,0,0,0,0,0,0,0,"oot","oot","oot","oot",3,"05",161,2020,15.6,12.2,6.3,3.2,3.5,2.7,9.4,11.5,21.5,26,29.1,27,27,25,39,45,97,29,84,50,4,4,29.2,186,12.2,263
"16","EMFWOR_NCAMC7-06A_2015",2015,"EMFWOR","EMFWOR_CAMC7","U","egg",2015-06-01,91.6666666666667,5,0.307692307692308,14.4692001,183.1040039,341.3900146,19.566,61.3083,29.6275005,60.4869003,7.71487,60.4869003,55,13,42,319.4909973,0,0,0,0,0,0,0,"oot","oot","oot","oot",4,"05",152,2015,15.6,12.2,6.3,3.2,3.6,2.8,9.4,11.6,21.5,26,29.2,27,25,24,37,42,95,29,83,51,4,4,29.3,183,12.4,251
"17","EMFWOR_NCAMC8-07A_2017",2017,"EMFWOR","EMFWOR_CAMC8","U","egg",2017-05-22,25,2.5,0.666666666666667,0.971379,5.1498399,207.4019928,21.7194004,18.3631992,51.5400009,49.1053009,49.1053009,4.75213,83,58,25,7.5199399,0,0,0,0,0,0,0,"oot","oot","oot","oot",5,"05",142,2017,15.4,12,6.1,3,3.4,2.6,9.2,11.4,21.3,25.8,28.9,27,27,25,39,44,99,30,85,52,4,4,28.8,193,11.9,268
"18","EMFWOR_NCAMC8-07A_2018",2018,"EMFWOR","EMFWOR_CAMC8","U","egg",2018-05-23,25,2.5,0.666666666666667,0.971379,5.1498399,207.4019928,21.7194004,18.3631992,51.5400009,49.1053009,49.1053009,4.75213,83,58,25,7.5199399,0,0,0,0,0,0,0,"oot","oot","oot","oot",3,"05",143,2018,15.4,12,6.1,3,3.4,2.6,9.2,11.4,21.3,25.8,28.9,27,27,25,39,44,99,30,85,52,4,4,28.9,190,12,264
"19","EMFWOR_NCAMC8-07A_2019",2019,"EMFWOR","EMFWOR_CAMC8","U","egg",NA,25,2.5,0.666666666666667,0.971379,5.1498399,207.4019928,21.7194004,18.3631992,51.5400009,49.1053009,49.1053009,4.75213,83,58,25,7.5199399,0,0,0,0,0,0,0,"oot","oot","oot","oot",2,"05",NA,2019,15.4,12,6.1,3,3.4,2.6,9.2,11.4,21.3,25.8,28.9,27,27,25,39,44,99,30,85,52,4,4,28.9,190,12,264
"20","EMFWOR_NCAMC8-09A_2020",2020,"EMFWOR","EMFWOR_CAMC8","U","egg",2020-06-01,66.6666666666667,7.5,0.0833333333333333,1.45565,25.0028,402.1990051,16.6655006,21.8246002,45.2625008,37.547699,37.547699,13.1709995,80,46,34,23.2861004,0,0,0,0,0,0,0,"oot","oot","oot","oot",4,"05",153,2020,15.4,12.1,6.2,3.1,3.5,2.6,9.3,11.4,21.4,25.9,29,27,26,25,38,43,97,29,84,51,4,4,29,189,12.1,261
"21","EMFWOR_NLFTT2-01A_2017",2017,"EMFWOR","EMFWOR_LFTT2","H","egg+nestling",2017-06-05,58.3333333333333,0,0,2.2240701,24.8281002,318.8009949,8.5064898,42.7691002,43.8251991,28.0433998,28.0433998,12.6136999,104,59,45,55.3098984,25.0806999,0,0,12.9580002,0,2,2,"oot","5","5","0-5",1,"05",156,2017,13.8,10.6,4.7,1.6,2.1,1.3,7.7,10.1,19.9,24.3,27.4,28,28,25,38,52,107,33,90,56,4,5,26.9,210,10.2,293
"22","EMFWOR_NLFTT2-01A_2018",2018,"EMFWOR","38","H","egg",2018-05-30,16.6666666666667,17.5,0.333333333333333,0.783443,3.8110199,196.5820007,33.0191994,15.5763998,63.7136993,63.0976982,63.0976982,2.4054,69,61,8,6.0820498,14.6377001,0,0,0,0,1,1,"oot","0","0","0-5",5,"05",150,2018,13.8,10.5,4.6,1.5,2.1,1.3,7.6,10.1,19.8,24.3,27.3,28,28,24,38,50,108,32,91,56,4,5,27.4,203,10.6,283
"23","EMFWOR_NLFTT2-01B_2018",2018,"EMFWOR","EMFWOR_LFTT2","H","egg",2018-06-06,41.6666666666667,5,0.333333333333333,2.3194699,26.0932007,320.1499939,8.5949898,43.0918007,43.8838005,27.2514,27.2514,12.9949999,100,57,43,56.6669998,30.6247997,0,0,12.7256002,0,1,1,"oot","0","0","0-5",5,"05",157,2018,13.8,10.6,4.7,1.6,2.1,1.3,7.7,10.1,19.9,24.3,27.4,28,28,25,38,52,107,33,90,56,4,5,27.3,204,10.5,280
"24","EMFWOR_NLILT3-10A_2018",2018,"EMFWOR","EMFWOR_LILT3","H","egg",2018-05-30,41.6666666666667,20,0.615384615384615,3.54971,64.006897,412.6940002,8.6038799,39.3370018,47.8732986,28.7474003,28.7474003,28.1021004,74,34,40,83.2310028,66.6471024,0,0,0,0,1,1,"oot","0","0","0-5",4,"05",150,2018,14.6,11.3,5.1,2,2.3,1.7,8.1,10.8,20.6,25,28.1,33,33,38,52,70,103,47,94,57,7,7,28,217,11.3,344
"25","EMFWOR_NMUDT1-05A_2015",2015,"EMFWOR","EMFWOR_MUDT1","U","nestling",2015-05-29,8.33333333333333,0,0,3.2320001,62.9813004,429.9630127,9.0864496,47.4039001,33.4408989,29.8327999,16.3684006,29.8327999,125,45,80,153.4539948,13.4350004,0,0,13.2793999,0,0,0,"oot","oot","oot","oot",1,"05",149,2015,14.3,11.1,5.1,2.1,2.5,1.8,8.2,10.6,20.4,24.8,27.9,28,28,26,39,52,104,33,88,55,4,5,27.7,200,10.9,287
"26","EMFWOR_NMUDT1-05A_2016",2016,"EMFWOR","EMFWOR_MUDT1","U","egg+nestling",2016-06-05,8.33333333333333,0,0,3.2320001,62.9813004,429.9630127,9.0864496,47.4039001,33.4408989,29.8327999,16.3684006,29.8327999,125,45,80,153.4539948,13.4350004,0,0,13.2793999,0,0,0,"oot","oot","oot","oot",1,"05",157,2016,14.3,11.1,5.1,2.1,2.5,1.8,8.2,10.6,20.4,24.8,27.9,28,28,26,39,52,104,33,88,55,4,5,27.9,199,11.1,282
"27","EMFWOR_NMUDT1-05A_2018",2018,"EMFWOR","EMFWOR_MUDT1","U","egg",NA,33.3333333333333,0,0,2.14429,33.8350983,384.4370117,7.19101,44.0304985,34.702301,20.3871994,20.3871994,19.0377998,134,63,71,75.5833969,14.2564001,0,0,12.1844997,0,0,0,"oot","oot","oot","oot",2,"05",NA,2018,14.4,11.1,5.2,2.1,2.6,1.8,8.2,10.6,20.4,24.9,27.9,28,28,25,38,51,104,33,87,55,4,5,27.9,199,11.1,282
"28","EMFWOR_NMUDT1-05A_2020",2020,"EMFWOR","EMFWOR_MUDT1","H","egg",2020-06-13,0,0,0,3.3013599,62.2514,422.5669861,8.8189402,47.3452988,33.8516006,29.7154999,16.4563999,29.7154999,124,44,80,142.6179962,56.9375,0,0,12.3309002,0,4,4,"oot","1","1","0-5",3,"05",165,2020,14.4,11.1,5.2,2.1,2.6,1.8,8.3,10.6,20.4,24.9,27.9,28,28,26,38,52,104,33,87,55,4,5,27.9,198,11.1,279
"29","EMFWOR_NMUDT1-05A_2021",2021,"EMFWOR","EMFWOR_MUDT1","H","egg",2021-07-03,0,0,0,3.3013599,62.2514,422.5669861,8.8189402,47.3452988,33.8516006,29.7154999,16.4563999,29.7154999,124,44,80,142.6179962,59.9883003,0,0,21.5615997,0,5,5,"oot","0","0","0-5",4,"05",184,2021,14.4,11.1,5.2,2.1,2.6,1.8,8.3,10.6,20.4,24.9,27.9,28,28,26,38,52,104,33,87,55,4,5,27.9,198,11.1,281
"30","EMFWOR_NPINT1-03A_2018",2018,"EMFWOR","EMFWOR_PINT1","H","egg",NA,8.33333333333333,25,0,2.2520499,12.8529997,216.9620056,9.4505901,32.2969017,48.4305992,44.4412003,44.4412003,7.8908801,78,44,34,27.2133999,33.0009003,0,0,13.2730999,0,1,1,"oot","0","0","0-5",3,"05",NA,2018,13.7,10.5,4.6,1.5,1.9,1.2,7.6,10,19.8,24.2,27.2,31,34,34,47,65,117,42,96,56,6,6,27,217,10.3,336
"31","EMFWOR_NRIMT1-01A_2015",2015,"EMFWOR","EMFWOR_RIMT1","U","egg",2015-06-05,16.6666666666667,10,0.714285714285714,10.5349998,169.4089966,388.3380127,16.1548004,61.8069992,32.5315018,58.3749008,8.7708998,58.3749008,72,18,54,390.3930054,7.3922,0,0,0,0,0,0,"oot","oot","oot","oot",3,"05",156,2015,15.2,11.9,5.8,2.6,3,2.2,8.6,11.3,21.1,25.6,28.6,30,30,33,47,62,95,43,87,54,7,6,28.1,214,11.4,332
"32","EMFWOR_NSWRC2-10A_2015",2015,"EMFWOR","58","U","egg",2015-06-05,58.3333333333333,22.5,0.764705882352941,7.81286,143.9609985,417.4460144,8.9965496,53.4761009,41.6250992,50.0732994,34.0275993,50.0732994,70,21,49,281.3580017,22.7339001,0,0,11.0291004,0,0,0,"oot","oot","oot","oot",4,"05",156,2015,15.9,12.6,6.6,3.4,3.6,2.9,9.6,11.8,21.9,26.3,29.5,28,36,39,56,68,116,35,93,44,6,5,29.1,211,12.3,454
"33","EMFWOR_NSWRC3-03A_2019",2019,"EMFWOR","EMFWOR_SWRC3","U","egg",2019-06-05,8.33333333333333,17.5,0.222222222222222,7.9312501,109.9459991,358.6419983,17.3425007,41.3610992,23.0566006,38.4864006,6.3948398,38.4864006,65,16,49,111.9120026,5.4268098,0,0,0,0,0,0,"oot","oot","oot","oot",4,"05",156,2019,14.8,11.5,5.5,2.3,2.5,1.8,8.5,10.7,20.7,25.1,28.4,33,52,60,84,101,156,48,117,48,6,4,28.8,212,11.9,459
"34","EMFWOR_NSWRC3-03A_2020",2020,"EMFWOR","EMFWOR_SWRC3","U","egg",2020-05-29,66.6666666666667,20,0.25,9.5815401,104.0910034,314.0650024,16.2073994,40.5984001,24.0245991,37.0783005,7.3922,37.0783005,62,13,49,105.6230011,5.8961601,5.8980799,0,5.8980799,0,0,0,"oot","oot","oot","oot",5,"05",150,2020,14.9,11.6,5.6,2.3,2.6,1.9,8.6,10.7,20.8,25.2,28.5,33,51,59,83,100,154,47,116,48,6,4,28.4,223,11.5,501
"35","EMFWOR_NSWRC3-03B_2018",2018,"EMFWOR","EMFWOR_SWRC3","U","egg",2018-06-14,25,12.5,0.7,6.49895,104.0599976,387.4509888,17.0130005,40.2463989,22.7339001,36.9317017,5.5734801,36.9317017,68,19,49,85.9014969,4.6054602,0,0,0,0,0,0,"oot","oot","oot","oot",4,"05",165,2018,14.8,11.5,5.5,2.2,2.5,1.8,8.5,10.6,20.6,25.1,28.4,33,52,60,85,102,157,48,117,48,6,4,28.5,222,11.6,494
"36","EMFWOR_NSWRC3-04A_2018",2018,"EMFWOR","63","U","egg",2018-05-22,150,25,0.321428571428571,2.3083799,34.4339981,373.0539856,14.29,27.8381004,48.9000015,40.2170982,40.2170982,17.0137997,67,37,30,42.4146996,0,0,0,0,0,0,0,"oot","oot","oot","oot",4,"05",142,2018,15,11.7,5.6,2.4,2.7,2,8.7,10.8,20.9,25.3,28.6,33,50,58,81,98,151,45,115,47,6,4,28.6,220,11.7,483
"37","EMFWOR_NSWRC3-04A_2020",2020,"EMFWOR","64","U","egg+nestling",2020-06-05,175,12.5,0.0769230769230769,2.47135,38.0727005,379.5469971,13.5320997,29.8034992,48.577301,40.0410995,40.0410995,18.6858006,67,37,30,46.6414986,0,0,0,0,0,0,0,"oot","oot","oot","oot",1,"05",157,2020,14.9,11.6,5.5,2.4,2.6,1.9,8.6,10.8,20.8,25.2,28.5,33,50,59,83,100,154,46,116,47,6,4,28.6,220,11.7,483
"38","EMMAOR_NCLIFFC1-08A_2019",2019,"EMMAOR","EMMAOR_CLIFFC1","U","egg",2019-06-02,0,7.5,0,1.0776,8.4245195,261.1099854,10.5565004,26.3419991,41.3023987,28.9528008,28.9528008,6.3068299,116,75,41,14.4765997,0,0,0,0,0,0,0,"oot","oot","oot","oot",4,"05",153,2019,16.1,13.3,7.7,2.7,2.8,1.9,7.5,13,22.4,26.8,31.2,35,17,24,126,67,87,54,43,26,9,7,31.2,130,13.3,375
"39","EMMAOR_NCLIFFC2-07A_2015",2015,"EMMAOR","EMMAOR_CLIFFC2","U","egg+nestling",2015-05-25,41.6666666666667,7.5,0.8,0.283846,0.882239,145.1950073,30.8743992,13.2297001,55.5587997,54.3560982,54.3560982,0.968026,164,143,21,4.0888901,0,0,0,0,0,0,0,"oot","oot","oot","oot",2,"05",145,2015,16.3,13.6,7.8,2.8,2.8,1.9,7.5,13.3,22.7,27.1,31.4,33,16,24,120,62,81,52,41,25,9,7,31.2,128,13.4,362
"40","EMMAOR_NCUBT1-10A_2016",2016,"EMMAOR","EMMAOR_CUBT1","B","egg",2016-05-29,91.6666666666667,2.5,1,0.575217,4.2961202,254.3359985,40.260601,12.9363003,53.3293991,47.7266006,47.7266006,2.8747399,105,69,36,5.9032202,18.6271992,100,0,8.94102,2,0,2,"8","oot","8","6-10",4,"05",150,2016,16.2,13.1,7.7,2.8,2.9,1.9,7.6,12.7,22.4,26.8,31.1,29,12,15,71,34,56,34,28,27,7,10,31,109,13,225
"41","EMMAOR_NCUBT2-02A_2016",2016,"EMMAOR","EMMAOR_CUBT2","HB","egg+nestling",2016-06-06,100,10,0.5625,2.22686,25.2933006,321.8429871,16.0660992,25.4032993,25.3740005,13.7869997,7.06952,13.7869997,120,35,85,34.6300011,40.3931007,69.9620972,0,22.0167007,1,1,2,"8","1","1","0-5",2,"05",158,2016,16.8,13.7,8.1,2.9,3,2.2,8.2,13.4,22.8,27.2,31.4,28,10,13,59,29,48,29,24,27,7,10,31.1,108,13.2,209
"42","EMMAOR_NCUBT2-02A_2021",2021,"EMMAOR","EMMAOR_CUBT2","HB","egg+nestling",NA,58.3333333333333,27.5,0.888888888888889,1.74857,17.6028996,301.1149902,18.573,19.9472008,23.1445999,9.9442701,7.06952,9.9442701,134,35,99,19.6896992,43.1212006,49.9029007,0,42.9034996,1,4,5,"13","3","3","0-5",1,"05",NA,2021,16.8,13.8,8.2,2.9,3,2.2,8.3,13.4,22.9,27.3,31.5,28,10,13,58,28,47,29,24,27,7,10,31.4,104,13.7,188
"43","EMMAOR_NCUBT2-03A_2015",2015,"EMMAOR","EMMAOR_CUBT2","HB","egg",NA,66.6666666666667,0,0.75,1.9,24.8211002,347.32901,15.7995996,27.8673992,30.5955009,14.3444004,6.8348498,14.3444004,135,45,90,39.5592995,41.4491005,76.1625977,0,18.2322006,1,1,2,"7","0","0","0-5",2,"05",NA,2015,16.5,13.5,8,2.9,2.9,2.1,7.9,13.1,22.6,27.1,31.3,29,11,14,63,30,50,31,26,27,7,10,31.3,107,13.5,198
"44","EMMAOR_NCUBT2-10A_2016",2016,"EMMAOR","EMMAOR_CUBT2","B","egg+nestling",2016-06-07,8.33333333333333,5,0.666666666666667,0.915517,9.6004105,307.9989929,29.5515995,17.3071003,52.3027,45.7612,45.7612,6.4828401,100,58,42,12.1884003,3.1094201,68.1669006,0,1.16179,1,0,1,"10","oot","10","6-10",1,"05",159,2016,16.2,13,7.7,2.8,2.9,2,7.6,12.7,22.3,26.8,31,29,12,15,69,32,55,34,28,27,7,10,31.1,109,13.1,216
"45","EMMAOR_NCUBT2-10A_2021",2021,"EMMAOR","EMMAOR_CUBT2","HB","egg",NA,16.6666666666667,7.5,1,1.10782,9.1344004,269.1730042,24.0918007,19.8591995,48.6360016,35.8170013,35.8170013,6.4828401,102,55,47,13.5166998,38.3983994,62.2210999,0,37.868,1,2,3,"15","3","3","0-5",4,"05",NA,2021,16.5,13.4,7.9,2.9,2.9,2.1,7.9,13,22.6,27,31.2,29,11,14,64,31,51,32,26,27,7,10,31.2,108,13.3,209
"46","EMMAOR_NDUGC1-01A_2015",2015,"EMMAOR","EMMAOR_DUGC1","U","egg",2015-05-26,58.3333333333333,5,0,5.9793701,157.3560028,503.1539917,48.7545013,62.3642998,12.1737003,56.5267982,4.6347899,56.5267982,64,32,32,292.3280029,0,0.009549,0,0,0,0,0,"oot","oot","oot","oot",4,"05",146,2015,15.5,12.7,7.2,2.1,2.2,1.2,6.6,12.4,21.9,26.1,30.5,41,18,25,154,89,102,59,54,26,13,8,30.5,155,12.7,447
"47","EMMAOR_NDUGC1-01A_2016",2016,"EMMAOR","EMMAOR_DUGC1","U","egg",2016-05-22,41.6666666666667,10,0.1,5.9793701,157.3560028,503.1539917,48.7545013,62.3642998,12.1737003,56.5267982,4.6347899,56.5267982,64,32,32,292.3280029,0,0.009549,0,0,0,0,0,"oot","oot","oot","oot",4,"05",143,2016,15.5,12.7,7.2,2.1,2.2,1.2,6.6,12.4,21.9,26.1,30.5,41,18,25,154,89,102,59,54,26,13,8,30.5,155,12.7,447
"48","EMMAOR_NDUGC1-06A_2017",2017,"EMMAOR","94","U","egg",2017-05-19,83.3333333333333,30,0.826086956521739,1.48957,16.1734009,313.9710083,16.4123001,33.4995995,23.4965992,8.9175701,7.12819,8.9175701,145,69,76,43.1847,7.9202099,9.0810699,0,1.93208,0,0,0,"oot","oot","oot","oot",4,"05",139,2017,16.6,13.8,7.8,2.5,2.6,1.7,7.5,13.5,22.8,27.1,31.6,38,16,22,135,79,91,53,48,24,13,8,29.9,161,12.3,464
"49","EMMAOR_NELKT1-05A_2015",2015,"EMMAOR","EMMAOR_ELKT1","U","nestling",2015-05-28,100,12.5,0.5,9.4131804,196.4459991,445.7489929,28.7222004,67.4978027,25.843399,65.7378006,10.4722996,65.7378006,71,22,49,229.2100067,0,0,0,0,0,0,0,"oot","oot","oot","oot",1,"05",148,2015,15,12.3,7.5,2.4,2.5,1.5,6.7,12.2,21.5,25.7,30,43,21,28,162,90,110,67,57,28,11,7,30,159,12.2,478
"50","EMMAOR_NELKT2-01A_2021",2021,"EMMAOR","EMMAOR_ELKT2","H","egg",NA,33.3333333333333,0,0,2.3949201,82.2334976,577.3800049,10.0077,46.0545998,33.9101982,34.9956017,14.2856998,34.9956017,129,59,70,102.8639984,68.0550995,0.257822,0,49.8965988,0,2,2,"oot","0","0","0-5",4,"05",NA,2021,15.4,12.7,7.3,2.2,2.3,1.3,6.7,12.4,21.8,26,30.4,42,20,26,163,93,105,63,56,26,13,8,31,147,13.3,431
"51","EMMAOR_NELKT2-04A_2017",2017,"EMMAOR","105","HB","egg+nestling",2017-05-21,25,27.5,1,0.411176,3.0306399,252.4019928,35.2736015,13.6696997,61.0443001,55.793499,55.793499,2.4054,124,102,22,5.3024402,72.2499008,84.848999,0,65.8115005,1,4,5,"0","4","0","0-5",2,"05",141,2017,15.6,12.8,7.4,2.3,2.4,1.4,7,12.5,21.9,26.1,30.5,41,20,26,158,90,104,62,54,27,12,7,30.5,153,12.8,460
"52","EMMAOR_NELKT2-10A_2019",2019,"EMMAOR","EMMAOR_ELKT2","H","egg+nestling",2019-05-29,25,0,0,1.09719,17.4246006,385.7600098,11.7405996,31.8274994,45.9371986,35.6408997,35.6408997,9.5042496,128,89,39,35.8666992,21.3845997,0,0,0,0,1,1,"oot","0","0","0-5",1,"05",149,2019,16.3,13.5,7.7,2.5,2.6,1.7,7.4,13.2,22.6,26.9,31.3,38,17,24,140,82,93,56,49,24,13,7,31.2,147,13.4,423
"53","EMMAOR_NELKT3-03A_2019",2019,"EMMAOR","EMMAOR_ELKT3","B","egg+nestling",2019-06-08,116.666666666667,25,0.541666666666667,1.12846,24.1406994,451.5820007,9.0253401,33.4701996,32.8249016,19.4484997,19.4484997,15.1950998,157,91,66,41.3476982,15.0776997,54.6296997,0,15.0363998,3,0,3,"0","oot","0","0-5",3,"05",159,2019,15.4,12.7,7.6,2.5,2.7,1.6,7,12.3,21.8,26,30.3,41,20,27,164,93,110,66,55,27,11,7,30.3,154,12.6,482
"54","EMMAOR_NELKT3-08A_2021",2021,"EMMAOR","EMMAOR_ELKT3","H","egg+nestling",NA,0,47.5,0.894736842105263,3.8225,84.2511978,458.7030029,27.5021,44.8518982,17.1310997,34.9369011,3.75477,34.9369011,98,36,62,111.9869995,68.2312012,0,0,9.2593203,0,2,2,"oot","1","1","0-5",2,"05",NA,2021,15.5,12.8,7.7,2.7,2.8,1.8,7.2,12.4,21.9,26.2,30.5,39,19,26,156,88,107,64,53,26,11,7,30.3,153,12.7,480
"55","EMMAOR_NFLAGC1-05A_2015",2015,"EMMAOR","EMMAOR_FLAGC1","U","egg",2015-06-07,41.6666666666667,7.5,0.3,9.3109102,179.1139984,427.0480042,33.6544991,66.7645035,25.3446999,62.3936996,17.8645,62.3936996,54,22,32,159.6390076,0,0,0,0,0,0,0,"oot","oot","oot","oot",3,"05",158,2015,15.2,12.5,7,1.8,2,1,6.4,12.1,21.6,25.7,30.2,42,18,25,162,94,105,61,56,26,13,8,30.2,158,12.6,462
"56","EMMAOR_NFLAGC1-05A_2019",2019,"EMMAOR","EMMAOR_FLAGC1","U","egg+nestling",2019-05-30,16.6666666666667,10,0.125,9.6814299,176.2160034,414.7470093,35.1188011,66.2658005,23.6432991,61.6310005,18.4218006,61.6310005,54,21,33,158.0690002,0.205339,0,0,0,0,0,0,"oot","oot","oot","oot",2,"05",150,2019,15.2,12.5,7,1.8,2,1,6.4,12.2,21.6,25.8,30.2,42,18,25,162,94,105,61,56,26,13,8,30.2,158,12.5,465
"57","EMMAOR_NFLAGC1-08A_2015",2015,"EMMAOR","EMMAOR_FLAGC1","U","egg",2015-05-24,33.3333333333333,22.5,0.846153846153846,4.3460498,111.4540024,496.4349976,19.8724995,53.8280983,38.9556999,44.0891991,23.4085999,44.0891991,62,38,24,80.8339996,0,0,0,0,0,0,0,"oot","oot","oot","oot",5,"05",144,2015,15.3,12.6,7.1,1.9,2,1,6.5,12.3,21.7,25.9,30.3,42,18,25,159,93,104,60,56,26,13,8,30.3,158,12.6,461
"58","EMMAOR_NFLAGC2-10A_2015",2015,"EMMAOR","EMMAOR_FLAGC2","HB","egg",2015-05-26,133.333333333333,20,0.375,0.232941,0.432273,92.5048981,70.7947006,3.8721001,68.6712036,66.2950974,66.2950974,0.322675,65,51,14,0.959792,88.1783981,87.885498,0,2.0148301,2,3,5,"2","5","2","0-5",4,"05",146,2015,16.8,14,7.9,2.5,2.6,1.7,7.5,13.7,23.1,27.4,31.9,37,16,22,124,73,85,50,45,23,14,7,31.7,142,13.8,382
"59","EMMAOR_NPAWT1-01A_2019",2019,"EMMAOR","128","B","egg+nestling",2019-05-30,58.3333333333333,30,1,0.252,0.398571,76.264801,81.1179962,1.23203,42.3291016,25.0806999,25.0806999,0.264007,38,15,23,0.962029,0,98.8604965,0,0.881688,1,0,1,"9","oot","9","6-10",1,"05",150,2019,16.6,13.5,7.9,2.8,2.9,2.1,8,13.1,22.7,27.1,31.3,29,11,15,69,33,52,33,26,27,7,10,31.2,108,13,235
"60","EMMAOR_NPAWT1-03A_2016",2016,"EMMAOR","EMMAOR_PAWT1","H","egg",2016-06-03,33.3333333333333,10,1,3.2850001,152.4629974,673.8839722,18.1711998,55.6762009,33.9688988,52.5960999,22.9979,52.5960999,103,52,51,217.8650055,23.2033005,8.7818699,0,0,0,1,1,"oot","0","0","0-5",4,"05",155,2016,16.1,12.9,7.6,2.7,2.7,1.8,7.3,12.4,22.2,26.7,31.1,29,12,16,78,36,58,36,29,27,7,9,31.1,108,13,235
"61","EMMAOR_NPAWT1-03A_2019",2019,"EMMAOR","EMMAOR_PAWT1","H","egg",2019-05-17,0,5,1,4.9147801,105.1009979,451.4930115,24.1599007,36.8437004,52.7134018,43.3558006,43.3558006,35.5236015,54,23,31,134.7689972,40.2756996,3.29758,0,17.2040997,0,4,4,"oot","0","0","0-5",5,"05",137,2019,16.2,13,7.6,2.7,2.7,1.8,7.4,12.4,22.2,26.8,31.1,29,12,16,78,36,57,36,28,27,7,9,31.1,108,13,235
"62","EMMAOR_NPAWT1-03A_2021",2021,"EMMAOR","EMMAOR_PAWT1","H","egg",NA,108.333333333333,2.5,1,4.82727,97.9263,439.1589966,26.0562992,34.6142998,54.7667999,47.1986008,47.1986008,33.2355995,52,22,30,115.0879974,46.0251999,1.3750499,0,20.5685005,0,4,4,"oot","2","2","0-5",5,"05",NA,2021,16.2,13,7.6,2.7,2.7,1.8,7.4,12.4,22.2,26.8,31.1,29,12,16,78,36,57,36,28,27,7,9,31.1,108,13,235
"63","EMMAOR_NPAWT1-04A_2015",2015,"EMMAOR","EMMAOR_PAWT1","U","egg",2015-06-10,25,37.5,1,2.03918,123.2870026,771.098999,14.6253996,48.5186005,40.0704002,44.1478004,34.7902985,44.1478004,120,73,47,124.6470032,7.6855402,1.73155,0,0,0,0,0,"oot","oot","oot","oot",4,"05",161,2015,16.2,13,7.6,2.7,2.7,1.8,7.4,12.4,22.2,26.8,31.1,29,12,16,78,36,57,36,28,27,7,9,31.1,108,13,235
"64","EMMAOR_NPAWT1-08A_2015",2015,"EMMAOR","EMMAOR_PAWT1","H","egg",2015-06-01,16.6666666666667,65,0.928571428571429,1.04128,40.7341995,617.4089966,13.6162004,29.1874008,54.4147987,52.2733994,52.2733994,19.5365009,113,86,27,34.9557991,27.9554005,1.53102,0,0,0,1,1,"oot","8","8","6-10",4,"05",152,2015,16.1,12.9,7.6,2.7,2.7,1.8,7.2,12.3,22.1,26.7,31.1,29,13,16,81,38,59,37,29,27,7,9,31.3,108,13.2,227
"65","EMMAOR_NPRONGC2-01A_2015",2015,"EMMAOR","EMMAOR_PRONGC2","HB","egg",2015-05-27,91.6666666666667,2.5,1,1.27653,9.7970505,258.355011,28.7031002,20.3871994,47.9319,42.2117996,42.2117996,5.7494898,101,49,52,16.0706005,19.6539001,77.4834976,0,32.6797981,1,2,3,"3","8","3","0-5",5,"05",147,2015,16.1,12.9,7.5,2.6,2.7,1.7,7.4,12.4,22.1,26.6,30.9,30,13,17,87,44,66,39,31,27,8,10,30.9,115,12.8,270
"66","EMMAOR_NPRONGC2-08A_2019",2019,"EMMAOR","EMMAOR_PRONGC2","HB","egg",2019-06-01,75,10,0.769230769230769,1.88308,36.634201,429.5859985,26.3316994,23.9365997,45.9958992,41.1557999,41.1557999,16.5151005,93,39,54,38.9754982,6.42417,65.7923965,0,42.8972015,2,1,3,"10","14","10","6-10",3,"05",152,2019,16,12.8,7.5,2.5,2.6,1.7,7.3,12.3,22,26.5,30.9,30,14,18,90,46,69,41,33,27,8,10,30.9,115,12.8,270
"67","EMMAOR_NRATT1-10A_2015",2015,"EMMAOR","EMMAOR_RATT1","U","egg+nestling",NA,75,25,0.0526315789473684,4.2670598,108.8639984,495.1029968,13.9039001,47.2865982,41.4197998,40.8917999,28.9234009,40.8917999,79,34,45,136.7059937,0.146671,0,0,0.21326,0,0,0,"oot","oot","oot","oot",1,"05",NA,2015,15.8,12.7,7.2,2.6,2.3,1.5,6.9,12.5,22.3,26.8,30.9,29,17,24,80,38,54,47,35,26,7,8,31,119,12.8,263
"68","EMMAOR_NRATT1-10A_2016",2016,"EMMAOR","EMMAOR_RATT1","U","egg+nestling",2016-05-27,108.333333333333,27.5,0.0416666666666667,5.046,129.8370056,497.2980042,14.4579,49.3400002,39.8944016,45.6731987,23.7019997,45.6731987,77,30,47,182.6230011,0.616016,0,0,0.71299,0,0,0,"oot","oot","oot","oot",2,"05",148,2016,15.8,12.7,7.2,2.6,2.3,1.5,6.9,12.5,22.3,26.8,30.9,29,17,24,80,37,54,47,35,26,7,8,30.9,118,12.7,260
"69","EMMAOR_NRATT1-10A_2017",2017,"EMMAOR","EMMAOR_RATT1","U","egg",2017-05-26,75,25,0.0526315789473684,4.2670598,108.8639984,495.1029968,13.9039001,47.2865982,41.4197998,40.8917999,28.9234009,40.8917999,79,34,45,136.7059937,0.146671,0,0,0.21326,0,0,0,"oot","oot","oot","oot",4,"05",146,2017,15.8,12.7,7.2,2.6,2.3,1.5,6.9,12.5,22.3,26.8,30.9,29,17,24,80,38,54,47,35,26,7,8,30.9,118,12.7,259
"70","EMMAOR_NRATT2-10A_2019",2019,"EMMAOR","EMMAOR_RATT2","U","egg",2019-05-30,75,5,0.545454545454545,10.6306,152.7389984,365.6199951,20.0345993,58.9029007,27.6620998,54.0920982,7.06952,54.0920982,79,17,62,289.6600037,0,0,0,0,0,0,0,"oot","oot","oot","oot",4,"05",150,2019,16.2,13.1,7.4,2.8,2.5,1.7,7.3,12.9,22.6,27.1,31.2,28,16,22,69,33,47,42,33,26,7,7,31.2,114,13.1,229
"71","EMMAOR_NSAGEC1-09A_2015",2015,"EMMAOR","EMMAOR_SAGEC1","U","egg",2015-05-29,50,17.5,0.769230769230769,3.3699999,100.7639999,537.5889893,15.4568996,39.5424004,48.0199013,43.2092018,43.2092018,36.0223007,81,36,45,57.6329994,21.7071991,0,0,21.4214993,0,0,0,"oot","oot","oot","oot",5,"05",149,2015,17.4,14.1,8.3,3.6,3.3,2.3,8.2,13.7,23.4,28,32.2,25,14,17,59,30,47,38,29,27,5,8,32.2,104,14.1,205
"72","EMMAOR_NSAGEC1-10A_2015",2015,"EMMAOR","EMMAOR_SAGEC1","H","egg",2015-05-28,0,35,1,2.4696,47.9818001,429.2900085,31.4356995,20.1231995,43.9718018,35.3182983,35.3182983,17.7178001,58,25,33,13.5450001,37.0489998,0,0,19.8682003,0,1,1,"oot","4","4","0-5",5,"05",148,2015,17.6,14.3,8.5,3.7,3.3,2.4,8.4,13.9,23.7,28.3,32.4,24,14,16,58,30,46,37,29,27,5,8,32.3,104,14.2,202
"73","EMMAOR_NUPCA1-05A_2017",2017,"EMMAOR","EMMAOR_UPCA1","U","egg",2017-05-22,0,10,0.666666666666667,3.4102199,124,594.6530151,17.3805008,51.1293983,25.843399,45.4091988,12.1737003,45.4091988,140,46,94,124.6539993,0,0,0,0,0,0,0,"oot","oot","oot","oot",4,"05",142,2017,16.7,13.7,8,3.1,2.8,2.1,7.7,13.3,22.9,27.5,31.6,27,13,19,68,31,46,35,30,24,8,7,31.6,107,13.7,215
"74","EMMAOR_NUPCA1-08A_2017",2017,"EMMAOR","EMMAOR_UPCA1","U","egg",2017-05-22,41.6666666666667,20,1,8.0955,140.6609955,404.6629944,15.5065002,52.7720985,27.9846992,49.1640015,11.5283003,49.1640015,113,20,93,200.4530029,0,0,0,0,0,0,0,"oot","oot","oot","oot",4,"05",142,2017,17.1,14.1,8.3,3.3,2.9,2.3,8,13.7,23.3,27.9,32,27,13,18,64,29,44,33,29,23,8,7,31.6,107,13.7,212
"75","EMMAOR_NUPCB1-04A_2017",2017,"EMMAOR","EMMAOR_UPCB1","U","egg",2017-05-24,25,25,1,1.0701801,25.5223007,478.0020142,14.8276997,19.1844997,36.9609985,26.8994007,26.8994007,12.467,115,55,60,28.2154999,0,0,0,0,0,0,0,"oot","oot","oot","oot",4,"05",144,2017,16.4,13.4,7.6,2.8,2.6,1.9,7.4,13,22.6,27.2,31.3,27,14,20,78,36,53,38,31,25,8,7,31.4,111,13.2,261
"76","EMMAOR_NUPCB1-07A_2017",2017,"EMMAOR","EMMAOR_UPCB1","U","egg",2017-06-01,58.3333333333333,12.5,0,1.77545,43.2905998,483.5580139,15.7058001,25.4619999,40.0997009,29.8034992,29.8034992,18.8617992,73,44,29,43.4864998,0,0,0,0,0,0,0,"oot","oot","oot","oot",3,"05",152,2017,16.2,13.1,7.4,2.7,2.4,1.8,7.2,12.8,22.4,27,31.1,28,15,20,78,36,53,39,32,25,8,7,31.3,108,13.4,239
"77","EMMAOR_NWOLFC1-01A_2019",2019,"EMMAOR","EMMAOR_WOLFC1","U","egg",2019-05-22,41.6666666666667,5,0.125,0.998276,28.1140003,521.177002,10.6569996,28.3073997,34.8782997,25.5499992,25.5499992,15.4590998,153,87,66,43.0797997,0,0,0,0,0,0,0,"oot","oot","oot","oot",7,"05",142,2019,15.7,12.9,7.5,2.5,2.4,1.5,7.1,12.4,22,26.5,30.7,34,17,24,125,64,87,54,42,27,9,7,30.7,128,12.9,374
"78","EMMAOR_NWOLFC1-03A_2015",2015,"EMMAOR","EMMAOR_WOLFC1","U","egg+nestling",2015-05-28,33.3333333333333,17.5,0.181818181818182,0.481818,8.7551298,414.3789978,11.2033997,15.5471001,30.0088005,23.4673004,23.4673004,5.2801399,153,99,54,12.3739004,0,0,0,0,0,0,0,"oot","oot","oot","oot",4,"05",148,2015,16.1,13.3,7.7,2.6,2.5,1.7,7.4,12.8,22.4,26.8,31.1,32,16,23,118,60,82,51,39,26,8,7,30.7,128,12.9,371
"79","EMMAOR_NWOLFC1-07A_2015",2015,"EMMAOR","EMMAOR_WOLFC1","U","egg",2015-05-25,0,5,0,0.772597,11.7553997,377.0339966,16.7716999,19.3899002,41.9477997,26.6646996,26.6646996,7.4801998,138,77,61,10.4024,0,0,0,0,0,0,0,"oot","oot","oot","oot",4,"05",145,2015,15.7,12.9,7.4,2.5,2.4,1.5,7.1,12.5,22,26.5,30.7,34,17,24,126,65,87,55,42,27,9,7,31,123,13.2,355
"80","EMMAOR_NWOLFC1-07A_2017",2017,"EMMAOR","EMMAOR_WOLFC1","U","egg+nestling",2017-05-18,0,5,0,0.772597,11.7553997,377.0339966,16.7716999,19.3899002,41.9477997,26.6646996,26.6646996,7.4801998,138,77,61,10.4024,0,0,0,0,0,0,0,"oot","oot","oot","oot",1,"05",138,2017,15.7,12.9,7.4,2.5,2.4,1.5,7.1,12.5,22,26.5,30.7,34,17,24,126,65,87,55,42,27,9,7,30.7,128,12.9,374
"81","EMMAOR_NWOLFTB1-06A_2015",2015,"EMMAOR","EMMAOR_WOLFTB1","H","nestling",2015-06-01,16.6666666666667,12.5,0.571428571428571,12.1499996,184.8150024,376.9769897,30.9796009,63.3616982,30.3607998,61.7775993,13.0537004,61.7775993,48,16,32,283.1839905,8.7415705,0,0,0,0,1,1,"oot","6","6","6-10",3,"05",152,2015,15.2,12.2,7.3,2.4,2.3,1.4,6.8,11.7,21.4,25.9,30.2,35,18,24,138,73,99,60,45,27,8,7,30.3,129,12.3,406
"82","EMMAOR_NWOLFTB4-10A_2015",2015,"EMMAOR","EMMAOR_WOLFTB4","U","egg+nestling",2015-05-28,25,0,0.5,3.91364,64.3108978,392.8420105,17.4633007,42.0945015,31.8568001,27.7206993,16.7203999,27.7206993,99,33,66,115.5289993,0,0,0,0,0,0,0,"oot","oot","oot","oot",1,"05",148,2015,15.9,13,7.6,2.6,2.5,1.6,7.2,12.5,22.1,26.6,30.9,33,16,23,121,62,85,53,40,26,8,7,30.9,122,13,358
"83","EMPAID_N1WS05A_2013",2013,"EMPAID","EMPAID_1WS","B","egg",2013-06-27,116.666666666667,15,0.4,1.1316,6.5967202,219.7619934,10.7425003,27.6620998,51.9506989,34.7608986,34.7608986,5.77882,103,75,28,19.5065994,15.4590998,39.803299,0,0,1,0,1,"0","oot","0","0-5",4,"05",178,2013,17.8,14.4,8.5,1.2,1.9,1.2,7.5,14.4,23.7,27.9,32.9,37,21,36,117,104,129,62,69,24,18,8,33,176,14.5,462
"84","EMPAID_N1WS06A_2019",2019,"EMPAID","EMPAID_1WS","HB","egg+nestling",2019-05-31,8.33333333333333,40,0.647058823529412,4.2550001,118.8389969,518.9349976,11.4338999,49.9267006,29.1874008,43.9132004,9.7389297,43.9132004,119,36,83,171.654007,30.2434998,89.1809998,0,0,3,2,5,"0","7","0","0-5",1,"05",151,2019,18,14.6,8.5,1.1,1.9,1.2,7.6,14.6,23.9,28.1,33.2,36,21,35,114,102,126,61,68,23,17,8,32.9,180,14.4,469
"85","EMPAID_N1WS07A_2013",2013,"EMPAID","EMPAID_1WS","U","egg",2013-05-26,8.33333333333333,7.5,0.8,1.08885,4.3309798,172.5559998,13.3768997,21.6485996,41.1851006,11.9682999,11.9682999,2.75741,109,61,48,11.2777996,3.9307699,9.7590504,0,0,0,0,0,"oot","oot","oot","oot",5,"05",146,2013,18.1,14.7,8.6,1.2,2,1.3,7.7,14.8,24.1,28.3,33.3,36,21,35,115,103,127,61,68,23,17,8,33.2,175,14.6,459
"86","EMPAID_N1WS07A_2014",2014,"EMPAID","EMPAID_1WS","U","egg",2014-05-25,0,10,0.666666666666667,1.04914,4.4658098,180.4609985,11.0317001,23.9365997,43.7957993,17.2485008,17.2485008,2.75741,115,70,45,13.1865997,8.1255503,20.5876007,0,0,0,0,0,"oot","oot","oot","oot",4,"05",145,2014,18.1,14.7,8.6,1.1,2,1.2,7.7,14.7,24,28.3,33.3,36,21,35,114,103,126,61,68,23,17,8,33.3,176,14.7,462
"87","EMPAID_N1WS07A_2017",2017,"EMPAID","EMPAID_1WS","HB","egg",2017-06-22,16.6666666666667,27.5,0.923076923076923,3.37622,55.887001,394.375,7.0488901,40.7158012,34.4676018,25.9606991,9.8562603,25.9606991,98,37,61,103.5680008,20.7978992,73.6829987,0,0,3,1,4,"1","5","1","0-5",4,"05",173,2017,17.9,14.5,8.5,1.2,1.9,1.2,7.6,14.5,23.8,28,33.1,36,21,36,116,104,128,62,68,23,17,8,33.3,176,14.7,460
"88","EMPAID_N1WS09A_2018",2018,"EMPAID","EMPAID_1WS","HB","egg",2018-05-29,16.6666666666667,15,0.625,4.7066698,107.3040009,466.8859863,10.3269997,41.4197998,27.0167007,38.046299,7.0401902,38.046299,87,27,60,119.0790024,27.8087006,54.6741982,0,28.3859005,1,2,3,"6","6","6","6-10",4,"05",149,2018,18.3,14.9,8.7,1.2,1.9,1.3,7.9,14.9,24.3,28.5,33.5,35,20,34,111,100,123,60,66,23,17,8,33.4,174,14.8,451
"89","EMPAID_N2WS05A_2017",2017,"EMPAID","EMPAID_2WS","B","egg",2017-05-12,33.3333333333333,15,1,3.345,27.4235992,268.2980042,6.69523,39.2490005,43.9718018,23.7605991,23.7605991,13.3177004,81,36,45,64.427803,19.2432003,65.1016998,0,0,2,0,2,"1","oot","1","0-5",4,"05",132,2017,16.9,13.6,8.6,1.5,2,1.3,7,13.6,22.9,27,32.1,38,23,41,130,111,144,70,73,24,18,9,32.2,185,13.7,512
"90","EMPAID_NB-T02A_2015",2015,"EMPAID","EMPAID_B-T","U","egg",2015-06-14,50,0,1,0.268954,0.746965,133.3150024,41.4236984,7.5388699,42.6225014,40.2170982,40.2170982,0.792021,116,86,30,2.2294199,29.4221001,25.9032001,0,0,0,0,0,"oot","oot","oot","oot",2,"05",165,2015,16.1,12.9,7.7,0.8,2.2,1.1,6.5,12.8,22.1,26.4,31.6,37,26,46,146,117,146,73,76,26,21,7,31.6,191,12.9,559
"91","EMPAID_NB-T06A_2019",2019,"EMPAID","EMPAID_B-T","HB","egg",NA,16.6666666666667,5,1,0.668298,7.4266801,318.0069885,27.9829998,10.2376003,34.4968987,28.0140991,28.0140991,4.75213,84,47,37,8.3700104,35.2596016,80.9403,0,0,1,1,2,"3","7","3","0-5",2,"05",NA,2019,16.4,13.2,7.9,1,2.3,1.2,6.7,13,22.4,26.7,31.9,36,25,44,141,112,140,69,73,25,22,7,31.8,189,13.2,534
"92","EMPAID_NB-T08A_2012",2012,"EMPAID","EMPAID_B-T","H","egg+nestling",2012-06-18,50,2.5,0.777777777777778,0.405,1.39296,156.1860046,27.7455006,7.12819,26.0779991,13.3177004,13.3177004,1.2027,86,54,32,4.37637,36.7849998,10.3542995,0,0,0,1,1,"oot","0","0","0-5",2,"05",170,2012,16.5,13.3,8.1,1.1,2.4,1.3,6.8,13,22.4,26.7,31.9,37,25,44,141,113,140,70,74,25,22,7,31.9,188,13.2,531
"93","EMPAID_NB-T10A_2013",2013,"EMPAID","EMPAID_B-T","H","egg+nestling",2013-06-01,50,5,0.875,0.334,0.721617,107.7279968,29.2509995,4.8987999,18.8911991,7.71487,7.71487,0.704019,96,45,51,1.85514,10.5309,4.78722,0,0,0,1,1,"oot","1","1","0-5",1,"05",152,2013,16.8,13.6,8.2,1.2,2.5,1.4,7,13.3,22.7,27,32.2,36,24,42,135,108,134,67,71,25,22,7,32,188,13.4,523
"94","EMPAID_NB-T10A_2014",2014,"EMPAID","EMPAID_B-T","H","egg",2014-06-01,66.6666666666667,2.5,1,0.738462,2.18362,139.8930054,6.7675099,9.38692,13.9043999,6.7761798,6.7761798,1.3787,100,39,61,4.94836,9.1815796,4.78722,0,0,0,1,1,"oot","2","2","0-5",4,"05",152,2014,16.8,13.6,8.2,1.2,2.5,1.4,7,13.3,22.7,27,32.2,36,24,42,135,109,134,67,71,25,22,7,32.2,186,13.6,510
"95","EMPAID_NB-T10A_2018",2018,"EMPAID","EMPAID_B-T","H","egg",2018-05-29,83.3333333333333,10,1,0.78975,2.2484601,135.9060059,5.73808,10.2962999,13.7284002,6.9815202,6.9815202,1.3787,101,40,61,5.7989898,9.76826,32.6766014,0,0,0,1,1,"oot","6","6","6-10",4,"05",149,2018,16.8,13.6,8.3,1.2,2.6,1.4,7,13.3,22.7,27.1,32.2,36,24,42,134,108,134,66,71,25,22,7,31.9,188,13.3,529
"96","EMPAID_NB-T10A_2019",2019,"EMPAID","EMPAID_B-T","H","egg",NA,33.3333333333333,7.5,0.777777777777778,0.756,2.01367,128.9799957,11.6533003,8.6242304,16.5443993,9.4749203,9.4749203,1.3787,88,35,53,5.6637502,15.3416996,46.2392998,0,0,0,1,1,"oot","7","7","6-10",5,"05",NA,2019,16.6,13.4,8.1,1.1,2.5,1.3,6.9,13.2,22.5,26.9,32,36,25,43,138,110,137,68,72,25,22,7,32.2,186,13.6,508
"97","EMPAID_NB-U01A_2013",2013,"EMPAID","EMPAID_B-U","U","egg",2013-06-05,41.6666666666667,12.5,0.727272727272727,0.8875,5.8368201,236.1499939,14.8092003,20.8271999,46.4945984,42.0651016,42.0651016,3.5787599,100,72,28,12.3596001,0,0,0,0,0,0,0,"oot","oot","oot","oot",4,"05",156,2013,16.7,13.5,8,0.7,1.8,1,7,13.3,22.7,26.8,32,37,25,45,140,115,142,71,75,25,21,7,31.2,196,12.7,597
"98","EMPAID_NB-U01A_2014",2014,"EMPAID","EMPAID_B-U","U","nestling",2014-05-30,100,17.5,0.947368421052632,0.678462,3.08816,188.4600067,14.5770998,17.2485008,40.2463989,25.7847004,25.7847004,2.2293899,118,78,40,8.57232,0,0,0,0,0,0,0,"oot","oot","oot","oot",1,"05",150,2014,16.7,13.5,8,0.7,1.8,1,7,13.3,22.7,26.8,32,36,25,45,140,115,142,72,75,25,21,7,32,189,13.5,538
"99","EMPAID_NB-U01A_2015",2015,"EMPAID","EMPAID_B-U","U","egg",2015-05-19,83.3333333333333,12.5,0.8,0.869595,5.6599302,234.7059937,14.5546999,20.9738998,46.1719017,41.3023987,41.3023987,3.5200901,101,74,27,12.1343002,0,0,0,0,0,0,0,"oot","oot","oot","oot",3,"05",139,2015,16.7,13.5,7.9,0.7,1.8,1,7,13.3,22.7,26.8,32,37,25,45,140,115,142,72,75,25,21,7,32,188,13.5,539
"100","EMPAID_NB-U01A_2016",2016,"EMPAID","EMPAID_B-U","U","egg",2016-06-04,100,10,1,0.853784,4.6887202,211.9360046,14.4038,20.5925007,44.8518982,36.4916,36.4916,3.02141,103,74,29,11.1082001,0,0,0,0,0,0,0,"oot","oot","oot","oot",2,"05",156,2016,16.7,13.5,8,0.7,1.8,1,7,13.3,22.7,26.8,32,36,25,45,140,114,142,71,75,25,21,7,32,189,13.5,539
"101","EMPAID_NB-U05A_2015",2015,"EMPAID","EMPAID_B-U","U","egg",2015-06-17,33.3333333333333,5,0.666666666666667,0.974032,11.5791998,329.9670105,19.7581005,19.6832008,47.1986008,45.2625008,45.2625008,8.03755,90,62,28,14.0839996,0,0,0,0,0,0,0,"oot","oot","oot","oot",4,"05",168,2015,15.8,12.6,7.6,0.5,1.5,0.6,6.2,12.5,21.9,26,31.1,38,27,49,153,133,157,80,80,26,21,7,31.3,197,12.9,594
"102","EMPAID_NBR04A_2013",2013,"EMPAID","EMPAID_BR","U","egg",2013-06-12,33.3333333333333,12.5,0.777777777777778,0.704211,2.94417,178.3480072,25.0660992,13.0830002,38.8969994,13.7284002,13.7284002,2.3174,102,57,45,5.1914701,0,0,0,0,0,0,0,"oot","oot","oot","oot",4,"05",163,2013,15.3,12.1,7.3,0.4,1.8,0.6,6.1,12,21.4,25.6,30.7,38,29,54,169,136,169,85,83,26,21,7,31.5,193,12.9,582
"103","EMPAID_NBWC01A_2013",2013,"EMPAID","221","U","egg",2013-06-02,0,2.5,0.25,4.3909101,103.189003,474.3469849,9.1122398,47.2279015,31.3875008,39.7770996,9.7975998,39.7770996,107,33,74,221.2660065,0.440012,0,0,0,0,0,0,"oot","oot","oot","oot",3,"05",153,2013,14.9,11.7,6.9,0.1,1.3,0.1,5.6,11.6,21,25.1,30.3,39,32,64,189,156,195,98,90,29,21,7,30.3,210,11.7,734
"104","EMPAID_NBWC01A_2014",2014,"EMPAID","222","U","egg",2014-05-29,0,5,0.25,3.875,64.0157013,393.9559937,7.9387298,45.4678993,32.2382011,29.9500999,9.76826,29.9500999,113,36,77,183.4949951,0,0,0,0,0,0,0,"oot","oot","oot","oot",4,"05",149,2014,14.8,11.6,6.9,0.1,1.2,0.1,5.6,11.5,21,25.1,30.3,39,33,64,189,156,195,98,90,29,21,7,30.3,210,11.7,734
"105","EMPAID_NBWC01A_2015",2015,"EMPAID","223","U","egg",2015-05-30,41.6666666666667,2.5,0.857142857142857,4.9282799,121.0599976,485.4320068,8.3555098,46.5825996,35.7290001,42.8571014,9.2402496,42.8571014,101,29,72,271.4590149,0,0,0,0,0,0,0,"oot","oot","oot","oot",4,"05",150,2015,15.1,11.8,7.1,0.2,1.3,0.2,5.7,11.7,21.2,25.3,30.5,39,32,62,184,153,190,96,88,28,21,7,30.3,210,11.6,735
"106","EMPAID_NBWC01A_2016",2016,"EMPAID","224","U","egg",2016-05-24,8.33333333333333,30,1,3.7850001,109.098999,527.4840088,8.0085697,44.4118004,38.4864006,39.718399,13.0242996,39.718399,101,36,65,210.6670074,0,0,0,1.20635,0,0,0,"oot","oot","oot","oot",4,"05",145,2016,15.1,11.9,7.1,0.2,1.3,0.2,5.7,11.8,21.3,25.4,30.6,39,31,61,183,152,188,95,87,28,21,7,30.5,207,11.8,717
"107","EMPAID_NCC07A_2013",2013,"EMPAID","228","B","egg+nestling",2013-06-04,75,5,1,0.5184,1.84958,160.2460022,19.1215,12.6723003,33.7048988,23.9365997,23.9365997,1.2613699,119,75,44,4.5356398,0,72.2029037,0,0,1,0,1,"10","oot","10","6-10",4,"05",155,2013,16.7,13.5,8.1,1,2,1,6.6,13.2,22.6,26.9,32.1,38,24,43,143,126,146,75,78,25,19,8,31.8,192,13.2,553
"108","EMPAID_NCC08A_2014",2014,"EMPAID","229","B","egg",2014-06-04,66.6666666666667,10,1,1.45653,16.3043003,319.2789917,7.3643098,23.2619991,25.5499992,12.5256996,12.5256996,10.3549004,115,49,66,17.8913994,0,61.8041,0,0,1,0,1,"11","oot","11","11-14",3,"05",155,2014,16.6,13.4,8.1,1,2,1,6.5,13.1,22.5,26.8,32,38,24,44,144,127,146,76,78,25,19,8,32.1,194,13.5,557
"109","EMPAID_NCC10A_2019",2019,"EMPAID","230","B","egg+nestling",2019-05-27,50,2.5,1,0.712286,4.51332,231.0059967,12.1143999,8.1255503,16.1630993,3.1974199,1.90672,3.1974199,83,35,48,5.24686,0,82.1371002,0,0,1,0,1,"14","oot","14","11-14",1,"05",147,2019,16.6,13.4,8.1,1,2,1,6.5,13.1,22.5,26.8,31.9,38,24,44,144,127,147,76,78,25,19,8,32,194,13.4,561
"110","EMPAID_NCP09A_2012",2012,"EMPAID","231","B","egg+nestling",2012-05-27,8.33333333333333,0,0.25,0.333409,0.728282,108.8280029,44.2860985,4.7814598,29.3633995,20.9445992,20.9445992,0.704019,79,44,35,2.0137801,4.5761199,4.78722,0,0,1,0,1,"10","oot","10","6-10",1,"05",148,2012,16.9,13.7,8.4,1.3,2.7,1.5,7.1,13.4,22.8,27.1,32.3,36,24,42,134,107,133,66,71,25,22,7,32.3,186,13.7,506
"111","EMPAID_NCR01A_2012",2012,"EMPAID","232","U","egg",2012-06-14,33.3333333333333,10,0.8,0.334918,0.871057,126.5230026,40.4294014,6.6588402,35.9636002,17.6005001,17.6005001,0.850689,92,61,31,1.7004499,25.3446999,0,0,0,0,0,0,"oot","oot","oot","oot",3,"05",166,2012,16.2,13,7.9,0.9,1.9,0.8,6.3,12.8,22.1,26.4,31.5,38,24,43,141,127,141,74,76,26,19,7,32.2,187,13.6,506
"112","EMPAID_NCR07A_2012",2012,"EMPAID","233","H","egg+nestling",2012-05-23,8.33333333333333,27.5,0.857142857142857,0.644754,3.6154499,214.6499939,21.3633003,12.8190002,37.4303017,22.7339001,22.7339001,3.05075,104,61,43,5.3401599,38.2224007,0,0,0,0,1,1,"oot","0","0","0-5",1,"05",144,2012,16.9,13.6,8.3,1.2,2.1,1.2,6.9,13.4,22.8,27,32.2,37,23,40,130,114,131,68,73,25,19,8,31.5,192,13,550
"113","EMPAID_NCR07A_2013",2013,"EMPAID","234","H","egg",NA,8.33333333333333,27.5,0.857142857142857,0.644754,3.6154499,214.6499939,21.3633003,12.8190002,37.4303017,22.7339001,22.7339001,3.05075,104,61,43,5.3401599,38.2224007,7.4036398,0,0,0,1,1,"oot","1","1","0-5",4,"05",NA,2013,16.9,13.6,8.3,1.2,2.1,1.2,6.9,13.4,22.8,27,32.2,37,23,40,130,114,131,68,73,25,19,8,32.2,187,13.6,506
"114","EMPAID_NCU04A_2013",2013,"EMPAID","EMPAID_CU","U","egg",2013-06-07,16.6666666666667,17.5,0.9,1.35422,31.7318993,473.6229858,12.5155001,28.2488003,47.051899,40.6571007,40.6571007,16.6910992,98,64,34,27.9675999,0.352009,0,0,0,0,0,0,"oot","oot","oot","oot",4,"05",158,2013,14.8,11.6,6.7,0,1.5,0.3,5.7,11.5,20.9,25,30.2,38,31,59,179,147,179,91,86,27,21,7,30.1,203,11.5,687
"115","EMPAID_NCU05A_2015",2015,"EMPAID","EMPAID_CU","U","egg",2015-05-29,0,10,0.4,2.3106101,28.3782005,335.8819885,10.0938997,36.9023018,41.5957985,19.5072002,19.5072002,16.6910992,89,49,40,41.7649002,7.4215298,0,0,3.1257,0,0,0,"oot","oot","oot","oot",4,"05",149,2015,14.7,11.5,6.6,-0.1,1.4,0.3,5.6,11.5,20.8,24.9,30.1,38,31,59,180,147,180,91,87,27,21,7,30.2,203,11.6,686
"116","EMPAID_NCU05A_2016",2016,"EMPAID","EMPAID_CU","U","egg+nestling",2016-06-07,0,10,0.4,2.3106101,28.3782005,335.8819885,10.0938997,36.9023018,41.5957985,19.5072002,19.5072002,16.6910992,89,49,40,41.7649002,7.4215298,0,0,3.1257,0,0,0,"oot","oot","oot","oot",1,"05",159,2016,14.7,11.5,6.6,-0.1,1.4,0.3,5.6,11.5,20.8,24.9,30.1,38,31,59,180,147,180,91,87,27,21,7,30.1,204,11.5,688
"117","EMPAID_NCU07A_2013",2013,"EMPAID","EMPAID_CU","H","egg",2013-05-28,8.33333333333333,30,0.692307692307692,4.2496901,75.7517014,410.1860046,10.8526001,44.3237991,36.1395988,32.2969017,12.0857,32.2969017,88,32,56,76.0792999,18.7737999,0,0,0,0,1,1,"oot","1","1","0-5",4,"05",148,2013,14.8,11.6,6.6,-0.1,1.5,0.3,5.7,11.6,20.9,25,30.2,38,31,59,179,144,178,90,86,27,21,7,30.1,204,11.5,688
"118","EMPAID_NCU09A_2014",2014,"EMPAID","EMPAID_CU","H","egg",2014-07-01,8.33333333333333,2.5,0.4,3.8863599,65.7173996,398.8699951,9.2735596,41.8011017,36.8437004,28.1900997,12.3497,28.1900997,92,33,59,82.3305969,33.4995995,0,0,0,0,1,1,"oot","2","2","0-5",4,"05",182,2014,14.9,11.7,6.7,0,1.5,0.4,5.7,11.7,21,25.2,30.3,38,30,57,176,140,174,88,85,27,21,7,30.2,203,11.6,681
"119","EMPAID_NCU09A_2015",2015,"EMPAID","EMPAID_CU","U","egg",2015-06-03,8.33333333333333,7.5,0.5,3.6518199,59.8278008,392.2120056,9.1995802,39.2784004,39.1024017,25.843399,16.2511005,25.843399,87,33,54,71.6850967,28.3367996,0,0,5.4365501,0,0,0,"oot","oot","oot","oot",4,"05",154,2015,15.1,11.9,6.8,0.1,1.6,0.5,5.9,11.8,21.2,25.4,30.5,38,30,56,172,137,170,86,83,27,21,7,30.3,202,11.7,665
"120","EMPAID_NCU10A_2012",2012,"EMPAID","241","H","egg+nestling",2012-05-23,25,20,0.818181818181818,5.0469198,69.1528015,356.3980103,8.2056103,42.7691002,35.4356003,28.6301003,8.9762402,28.6301003,90,26,64,113.9509964,35.347599,0,0,0,0,1,1,"oot","0","0","0-5",2,"05",144,2012,14.8,11.6,6.6,-0.1,1.5,0.3,5.6,11.6,20.9,25,30.2,38,31,58,178,141,175,89,86,27,21,7,30.5,200,11.9,651
"121","EMPAID_NCU10A_2013",2013,"EMPAID","EMPAID_CU","H","egg",2013-05-22,16.6666666666667,27.5,0.846153846153846,4.8866701,70.8200989,367.321991,8.3812399,43.0037994,35.611599,29.2460995,8.8882399,29.2460995,91,27,64,108.3779984,35.2303009,0,0,0,0,1,1,"oot","1","1","0-5",4,"05",142,2013,14.8,11.6,6.6,-0.1,1.5,0.3,5.7,11.6,20.9,25.1,30.2,38,31,58,178,141,175,89,85,27,21,7,30.2,203,11.6,672
"122","EMPAID_NCU10A_2014",2014,"EMPAID","EMPAID_CU","H","egg",2014-05-26,8.33333333333333,15,0.571428571428571,2.2607999,18.6243992,269.0350037,11.6083002,36.8437004,44.3237991,37.7529984,37.7529984,9.1229095,96,50,46,29.2049007,39.8944016,0,0,0,0,1,1,"oot","2","2","0-5",4,"05",146,2014,15.2,12,6.9,0.1,1.6,0.5,5.9,11.9,21.3,25.4,30.6,38,30,55,170,134,167,85,82,27,21,7,30.2,202,11.6,672
"123","EMPAID_NCU10A_2015",2015,"EMPAID","EMPAID_CU","H","egg",2015-05-16,25,15,0.444444444444444,1.7715,15.6542997,279.9419861,11.2514,34.6436005,45.4091988,40.0410995,40.0410995,7.8908801,104,60,44,29.5984993,40.7743988,0.194162,0,3.3071301,0,1,1,"oot","3","3","0-5",4,"05",136,2015,15.3,12.1,6.9,0.2,1.7,0.6,6,12,21.4,25.6,30.8,37,29,54,167,131,164,83,81,27,21,7,30.6,199,12,641
"124","EMPAID_NCU10A_2018",2018,"EMPAID","245","U","egg",2018-06-20,50,2.5,0.875,2.77615,36.2672005,347.3299866,11.1772003,35.2888985,38.7797012,19.9472008,19.9472008,16.5737991,82,39,43,55.2187004,0,0,0,0,0,0,0,"oot","oot","oot","oot",4,"05",171,2018,15,11.8,6.9,0.1,1.6,0.4,5.8,11.8,21.1,25.3,30.4,38,30,56,174,138,172,87,84,27,22,7,30.8,197,12.1,628
"125","EMPAID_NCW-A01A_2013",2013,"EMPAID","EMPAID_CW-A","U","egg",2013-06-05,16.6666666666667,2.5,0.6,1.03143,7.6485,253.2870026,19.1459999,21.1791992,48.4012985,38.3983994,38.3983994,6.1601601,108,63,45,10.9772997,0,0,0,0,0,0,0,"oot","oot","oot","oot",3,"05",156,2013,16.7,13.4,7.7,0.8,2.2,0.7,6.2,13.2,22.6,26.8,31.7,44,24,42,135,122,148,73,84,26,18,9,32,204,13.7,537
"126","EMPAID_NCW-A01A_2014",2014,"EMPAID","EMPAID_CW-A","U","egg+nestling",2014-06-02,16.6666666666667,22.5,1,1.9857399,9.94209,200.1679993,18.3372002,30.4195004,61.9243011,61.1323013,61.1323013,6.3361702,59,47,12,25.0792999,12.8776999,0,0,0,0,0,0,"oot","oot","oot","oot",3,"05",153,2014,16.5,13.3,7.8,0.8,2,0.7,6.2,13,22.4,26.6,31.5,45,25,43,139,124,153,74,86,26,18,9,31.7,208,13.4,544
"127","EMPAID_NCW-A01A_2015",2015,"EMPAID","EMPAID_CW-A","U","egg",2015-05-23,108.333333333333,17.5,0.666666666666667,1.88471,11.5586004,226.5579987,16.8306999,31.3288002,61.0149994,60.1348991,60.1348991,6.6295099,69,51,18,24.1228008,10.9123001,0,0,0,0,0,0,"oot","oot","oot","oot",4,"05",143,2015,16.8,13.5,7.9,0.8,2,0.7,6.4,13.3,22.6,26.9,31.8,45,25,42,136,122,150,73,84,26,18,9,31.5,211,13.3,558
"128","EMPAID_NCW-A01A_2017",2017,"EMPAID","EMPAID_CW-A","H","egg",NA,8.33333333333333,27.5,0.333333333333333,27.8999996,216.4320068,259.9500122,29.9123001,72.7485962,21.9125996,71.6339035,4.5174499,71.6339035,72,8,64,333.4689941,62.2470016,0,0,0,0,1,1,"oot","0","0","0-5",3,"05",NA,2017,16.3,13,7.7,0.7,1.8,0.6,6,12.8,22.2,26.3,31.3,46,26,45,143,127,157,76,88,27,19,10,31.8,209,13.5,548
"129","EMPAID_NCW-A01A_2018",2018,"EMPAID","EMPAID_CW-A","H","egg",2018-05-30,25,0,1,1.59667,29.8749008,420.8420105,14.3107996,28.1021004,42.8278008,27.7206993,27.7206993,15.7818003,114,54,60,23.0389004,49.8092995,45.0965996,0,0,0,2,2,"oot","1","1","0-5",4,"05",150,2018,16.8,13.5,7.8,0.8,2.2,0.7,6.3,13.3,22.7,26.9,31.9,44,24,41,134,121,147,72,83,26,18,9,31.3,218,13,574
"130","EMPAID_NCW-A01B_2013",2013,"EMPAID","EMPAID_CW-A","U","egg",2013-06-03,8.33333333333333,45,0.894736842105263,1.78941,9.82864,211.9589996,18.6592007,29.7448006,62.5110016,61.7190018,61.7190018,6.3361702,65,51,14,22.6215992,8.8589001,0,0,0,0,0,0,"oot","oot","oot","oot",4,"05",154,2013,16.6,13.4,7.8,0.8,2,0.7,6.3,13.1,22.5,26.7,31.6,45,25,43,138,123,152,74,85,26,18,9,31.9,207,13.5,539
"131","EMPAID_NCW-A01B_2015",2015,"EMPAID","EMPAID_CW-A","U","egg+nestling",2015-06-15,208.333333333333,20,0.636363636363636,1.84059,10.1702003,212.7319946,17.5820007,30.5955009,61.4550018,59.5775986,59.5775986,6.3361702,69,51,18,21.0984993,5.1921401,0,0,0,0,0,0,"oot","oot","oot","oot",2,"05",166,2015,16.9,13.6,7.9,0.8,2.1,0.8,6.5,13.4,22.8,27,31.9,44,24,42,134,121,148,72,83,26,18,9,31.6,210,13.4,555
"132","EMPAID_NCW-A03A_2012",2012,"EMPAID","EMPAID_CW-A","U","egg",2012-05-27,16.6666666666667,10,0.857142857142857,1.386,13.8898001,300.3580017,12.9594002,27.1047001,48.0199013,34.7608986,34.7608986,8.2722197,100,60,40,20.8395004,0.99736,0,0,0,0,0,0,"oot","oot","oot","oot",3,"05",148,2012,17,13.7,7.9,0.8,2.2,0.8,6.5,13.5,22.9,27.1,32.1,43,24,41,132,120,145,71,82,25,17,9,31.9,206,13.6,537
"133","EMPAID_NCW-A03A_2016",2016,"EMPAID","EMPAID_CW-A","H","egg+nestling",2016-05-23,16.6666666666667,10,0.857142857142857,1.386,13.8898001,300.3580017,12.9594002,27.1047001,48.0199013,34.7608986,34.7608986,8.2722197,100,60,40,20.8395004,43.6492004,4.2397399,0,0,0,2,2,"oot","0","0","0-5",3,"05",144,2016,17,13.7,7.9,0.8,2.2,0.8,6.5,13.5,22.9,27.1,32.1,43,24,41,132,120,145,71,82,25,17,9,32.1,202,13.7,533
"134","EMPAID_NCW-A03A_2017",2017,"EMPAID","EMPAID_CW-A","H","egg",2017-06-20,8.33333333333333,20,0.444444444444444,2.0150001,44.9790993,461.7590027,11.5770998,35.464901,45.3799019,22.3819008,21.1791992,22.3819008,102,54,48,37.1484985,63.743,1.48646,0,0,0,2,2,"oot","0","0","0-5",3,"05",171,2017,17.2,13.9,8,0.9,2.2,0.9,6.6,13.7,23.1,27.3,32.2,43,23,40,130,118,144,70,81,25,17,9,32.1,202,13.7,533
"135","EMPAID_NCW-A04A_2018",2018,"EMPAID","EMPAID_CW-A","HB","egg",2018-06-02,16.6666666666667,12.5,1,2.3868001,44.1461983,418.2820129,9.3712997,38.8969994,43.9718018,27.1047001,27.1047001,22.2059002,102,50,52,51.3153992,62.5696983,51.2812004,0,0,1,3,4,"0","1","0","0-5",2,"05",153,2018,17.4,14.1,8.1,1,2.3,1,6.8,13.9,23.3,27.6,32.5,42,23,39,127,116,141,69,79,25,17,9,32.2,201,13.9,525
"136","EMPAID_NCW-A04A_2019",2019,"EMPAID","EMPAID_CW-A","HB","egg",2019-06-05,50,5,0.875,2.5181999,53.2789001,448.9710083,9.8943596,41.0383987,43.0331001,26.1660004,24.4353008,26.1660004,103,50,53,49.1945992,64.0950012,49.5942001,0,0,2,4,6,"0","2","0","0-5",4,"05",156,2019,17.3,14,8.1,0.9,2.2,0.9,6.7,13.8,23.2,27.5,32.4,42,23,39,129,117,142,70,80,25,17,9,32.5,198,14.1,515
"137","EMPAID_NCW-A05A_2017",2017,"EMPAID","EMPAID_CW-A","H","egg",2017-06-05,8.33333333333333,12.5,0.833333333333333,4.3049998,108.0690002,490.9500122,12.5887003,50.5133018,37.0489998,42.0065002,25.198,42.0065002,92,36,56,140.8170013,62.7457008,6.3118701,0,0,0,2,2,"oot","2","2","0-5",2,"05",156,2017,17.1,13.8,8,0.9,2.1,0.8,6.6,13.6,23,27.2,32.1,43,24,40,131,119,145,71,81,25,17,9,32.4,199,14,520
"138","EMPAID_NCW-B02A_2019",2019,"EMPAID","EMPAID_CW-B","HB","egg",2019-06-01,25,17.5,0.3,16.1292992,220.8029938,356.223999,29.0282001,73.5992966,24.4647007,72.7779007,10.6189003,72.7779007,79,14,65,497.7869873,61.6896019,66.5595016,0,0,2,2,4,"0","2","0","0-5",5,"05",152,2019,16.4,13.2,7.7,0.7,1.8,0.6,6.1,12.9,22.3,26.5,31.4,47,25,44,140,126,154,75,88,27,18,10,30.8,227,12.6,591
"139","EMPAID_NCW-B04A_2016",2016,"EMPAID","EMPAID_CW-B","H","egg",2016-06-13,8.33333333333333,50,0.857142857142857,14.0063,218.9129944,382.4869995,27.2096996,73.0419006,25.6380005,72.1912994,12.7896996,72.1912994,75,16,59,503.177002,48.577301,0,0,0,0,1,1,"oot","0","0","0-5",4,"05",165,2016,16,12.8,7.5,0.5,1.7,0.4,5.8,12.4,21.9,26,30.9,48,26,46,146,130,161,78,91,27,19,10,31.1,221,12.9,575
"140","EMPAID_NCW-B04A_2018",2018,"EMPAID","EMPAID_CW-B","HB","egg",2018-06-07,16.6666666666667,37.5,0.647058823529412,14.934,219.5350037,370.1400146,26.6138992,73.0126038,25.8726997,72.2792969,13.3470001,72.2792969,75,15,60,496.177002,59.2841988,46.3348007,0,0,1,2,3,"0","1","0","0-5",3,"05",158,2018,16,12.7,7.5,0.5,1.6,0.4,5.8,12.4,21.8,26,30.9,48,26,46,146,130,161,78,91,27,19,10,30.9,223,12.8,587
"141","EMPAID_NCW-D04A_2015",2015,"EMPAID","EMPAID_CW-D","U","egg",2015-05-13,41.6666666666667,25,0.9375,4.9949999,61.4370995,336.151001,12.2349005,45.5852013,34.2328987,25.9020004,23.6140003,25.9020004,82,28,54,83.6091003,24.4353008,0,0,0,0,0,0,"oot","oot","oot","oot",4,"05",133,2015,18.6,15.2,9,1.4,2.6,1.5,7.8,15,24.4,28.8,33.7,39,21,35,116,109,127,65,72,23,15,8,33.1,187,14.7,484
"142","EMPAID_NCW-D04A_2017",2017,"EMPAID","EMPAID_CW-D","HB","egg+nestling",2017-05-14,25,2.5,0.75,4.0021901,96.6109009,481.0350037,11.2765999,41.7424011,28.8061008,36.1689987,8.03755,36.1689987,98,32,66,142.3609924,17.219101,20.1387997,0,0,1,1,2,"1","2","1","0-5",2,"05",134,2017,19.3,15.9,9.5,1.7,2.6,1.8,8.4,15.7,25.1,29.5,34.5,37,20,33,111,104,122,63,68,22,14,8,33.8,180,15.3,471
"143","EMPAID_NCW-D09A_2012",2012,"EMPAID","EMPAID_CW-D","U","egg+nestling",2012-05-27,NA,NA,NA,6.8791299,86.7874985,340.822998,12.3292999,51.5694008,31.0648003,35.8170013,7.6855402,35.8170013,81,23,58,151.4730072,0,0,0,0,0,0,0,"oot","oot","oot","oot",1,"05",148,2012,17.9,14.6,8.5,1.2,2.5,1.2,7.2,14.4,23.8,28.1,33,41,22,36,121,112,132,67,75,24,16,9,33.3,186,14.8,484
"144","EMPAID_NCW-D10A_2013",2013,"EMPAID","EMPAID_CW-D","U","egg",2013-05-26,25,10,0.714285714285714,10.5839996,83.8895035,263.1740112,11.6911001,51.7453995,30.2434998,33.6461983,8.8589001,33.6461983,78,15,63,169.8439941,0,0,0,0,0,0,0,"oot","oot","oot","oot",4,"05",146,2013,17.6,14.2,8.1,1,2.5,1,6.8,14,23.4,27.7,32.7,41,22,37,123,114,135,67,77,24,16,9,32.8,191,14.4,495
"145","EMPAID_NCW-D10A_2017",2017,"EMPAID","EMPAID_CW-D","HB","egg",2017-05-11,50,2.5,0.285714285714286,14.5038004,97.5866013,239.3390045,24.2194996,61.4550018,21.6779003,39.6596985,7.9495502,39.6596985,103,13,90,237.4320068,26.9286995,19.3017006,0,4.7776699,1,2,3,"1","0","0","0-5",3,"05",131,2017,17.6,14.2,8.1,1,2.5,1,6.8,14,23.4,27.7,32.7,41,22,37,123,114,135,67,77,24,16,9,32.7,191,14.3,497
"146","EMPAID_NCW-E03A_2017",2017,"EMPAID","EMPAID_CW-E","H","egg",2017-06-03,33.3333333333333,12.5,0.666666666666667,48.618,242.0119934,199.4450073,38.3394012,79.2313995,17.9524994,79.055397,2.99208,79.055397,80,5,75,539.3060303,24.5527,0,0,0,0,3,3,"oot","0","0","0-5",4,"05",154,2017,15.2,12.1,7.1,0.2,1.2,0.1,5.2,11.7,21.1,25.2,30.1,52,28,49,156,138,171,83,98,29,19,10,30.2,237,12.2,618
"147","EMPAID_NCW-G02A_2019",2019,"EMPAID","EMPAID_CW-G","HB","egg+nestling",2019-05-22,0,0,0,1.2539999,20.0226002,386.8720093,48.2584991,12.2616997,56.1748009,47.4626007,47.4626007,8.8589001,58,30,28,10.9052,30.3607998,53.3532982,100,0,1,1,2,"1","2","1","0-5",3,"05",142,2019,16.9,13.6,7.9,0.7,2,0.7,6.3,13.3,22.7,27,31.9,44,23,39,126,119,143,70,82,25,18,10,32.1,204,13.7,510
"148","EMPAID_NDL03A_2013",2013,"EMPAID","EMPAID_DL","U","egg",2013-06-03,0,5,0.4,0.479455,1.75915,163.3730011,49.6929016,8.5949001,58.1109009,29.9207993,29.9207993,1.3787,70,55,15,3.2156401,0,0,0,0,0,0,0,"oot","oot","oot","oot",4,"05",154,2013,15.6,12.5,7.6,0.6,1.5,0.6,6,12.3,21.7,25.8,31,39,27,49,154,136,158,81,80,26,20,7,31.1,196,12.6,595
"149","EMPAID_NDL03A_2014",2014,"EMPAID","EMPAID_DL","U","egg+nestling",2014-05-28,0,5,0.4,0.479455,1.75915,163.3730011,49.6929016,8.5949001,58.1109009,29.9207993,29.9207993,1.3787,70,55,15,3.2156401,0,0,0,0,0,0,0,"oot","oot","oot","oot",3,"05",148,2014,15.6,12.5,7.6,0.6,1.5,0.6,6,12.3,21.7,25.8,31,39,27,49,154,136,158,81,80,26,20,7,31,197,12.5,605
"150","EMPAID_NDL08A_2014",2014,"EMPAID","EMPAID_DL","U","egg+nestling",2014-05-31,16.6666666666667,15,0.625,2.83636,25.7635002,284.3110046,20.8591995,30.5074997,56.7907982,48.8120003,48.8120003,14.9310999,61,33,28,22.8484993,0,0,0,0,0,0,0,"oot","oot","oot","oot",1,"05",151,2014,15.9,12.7,7.6,0.5,1.5,0.6,6.3,12.5,22,26.1,31.2,38,27,51,157,132,161,82,81,26,21,8,31,197,12.5,605
"151","EMPAID_NDL08A_2015",2015,"EMPAID","EMPAID_DL","U","egg",2015-05-24,8.33333333333333,0,0.25,2.29829,42.4339981,417.8909912,19.6219997,30.7127991,55.6762009,53.0946999,53.0946999,20.2404995,71,41,30,42.8644981,0,0,0,0,0,0,0,"oot","oot","oot","oot",4,"05",144,2015,16.3,13.1,7.8,0.7,1.7,0.8,6.6,12.9,22.3,26.4,31.6,38,26,47,147,123,150,76,77,25,21,7,31.2,199,12.7,610
"152","EMPAID_NDL10A_2018",2018,"EMPAID","EMPAID_DL","U","egg",2018-06-04,183.333333333333,12.5,1,1.17,14.8418999,341.8380127,14.2024002,25.9314003,49.4572983,46.0839005,46.0839005,10.1788998,104,68,36,20.6882992,0,0,0,0,0,0,0,"oot","oot","oot","oot",4,"05",155,2018,16.7,13.4,7.9,0.7,1.8,1,6.9,13.3,22.6,26.8,31.9,37,25,45,140,115,142,72,75,25,21,7,31.4,196,12.9,592
"153","EMPAID_NEFW01A_2018",2018,"EMPAID","286","H","egg",2018-05-27,16.6666666666667,22.5,0.272727272727273,2.76811,30.4382,316.1650085,7.70858,33.3821983,34.8488998,19.0084991,19.0084991,16.7497997,92,37,55,54.3647995,7.9202099,0,0.732088,0,0,1,1,"oot","0","0","0-5",5,"05",147,2018,17.9,14.5,8.4,1,2.1,1.1,7.5,14.5,23.8,28,33,38,21,36,118,107,131,62,72,25,18,9,33,187,14.5,475
"154","EMPAID_NLC-R09A_2014",2014,"EMPAID","EMPAID_LC-R","B","egg",2014-06-06,83.3333333333333,7.5,0.928571428571429,0.704,1.9436899,132.6999969,31.5911999,10.3255997,40.5690994,39.9530983,39.9530983,1.67204,57,45,12,4.9291,0,3.1066,0,0,1,0,1,"12","oot","12","11-14",4,"05",157,2014,16.5,13.2,7.8,0.7,1.7,0.9,6.8,13.1,22.5,26.6,31.8,37,26,46,144,119,147,74,76,25,21,7,31.7,188,13.1,562
"155","EMPAID_NLC-R10A_2012",2012,"EMPAID","EMPAID_LC-R","B","egg",2012-05-26,0,7.5,1,0.691364,1.98692,136.8910065,31.3173008,9.9149303,38.8969994,38.2809982,38.2809982,1.67204,55,44,11,5.0676398,0,3.1066,0,0,1,0,1,"10","oot","10","6-10",4,"05",147,2012,16.6,13.3,7.8,0.7,1.7,0.9,6.8,13.2,22.6,26.7,31.8,37,25,46,143,118,145,73,75,25,21,7,31.8,190,13.2,556
"156","EMPAID_NLC03A_2017",2017,"EMPAID","EMPAID_LC","H","egg",2017-06-02,116.666666666667,10,0.9,0.661875,1.84462,133.677002,35.6916008,10.3549004,46.8171997,45.8492012,45.8492012,1.67204,64,48,16,4.7258301,0.205339,3.1066,0,1.27956,0,1,1,"oot","1","1","0-5",4,"05",153,2017,16.3,13,7.7,0.6,1.6,0.8,6.6,12.9,22.3,26.4,31.6,37,26,48,149,124,152,77,77,25,21,7,31.7,190,13.2,558
"157","EMPAID_NLC04A_2013",2013,"EMPAID","EMPAID_LC","B","egg",2013-06-04,0,15,1,0.675957,1.9364001,136.5529938,31.1275997,10.3549004,40.3931007,39.8944016,39.8944016,1.67204,59,47,12,4.9008398,0,3.1066,0,0,1,0,1,"11","oot","11","11-14",4,"05",155,2013,16.5,13.2,7.8,0.7,1.7,0.9,6.8,13.1,22.5,26.6,31.8,37,26,46,144,119,146,74,76,25,21,7,31.6,191,13,576
"158","EMPAID_NLC05A_2016",2016,"EMPAID","EMPAID_LC","B","egg",2016-06-13,25,2.5,1,5.1726298,29.9412994,218.8240051,11.1899996,32.0329018,19.7124996,15.0483999,6.3948398,15.0483999,90,19,71,59.1046982,0,3.1066,0,1.27956,1,0,1,"14","oot","14","11-14",3,"05",165,2016,16.6,13.3,7.8,0.7,1.7,1,6.9,13.2,22.6,26.7,31.9,37,25,46,142,117,144,73,75,25,21,7,31.8,191,13.3,562
"159","EMPAID_NPM09A_2013",2013,"EMPAID","293","B","egg",2013-06-08,8.33333333333333,5,0.333333333333333,0.780968,3.6424899,191.4179993,19.1755009,7.8908801,18.5391998,6.8348498,6.8348498,2.4054,78,31,47,4.69836,8.80023,49.1040001,0,5.7262001,1,0,1,"11","oot","11","11-14",4,"05",159,2013,16.6,13.5,8.1,1,1.9,0.9,6.5,13.1,22.5,26.9,32,39,24,43,143,129,145,75,77,26,18,8,31.9,195,13.3,563
"160","EMPAID_NPM09A_2014",2014,"EMPAID","294","B","egg",2014-05-29,8.33333333333333,15,0.625,1.01132,4.5845199,187.9689941,16.3868999,12.5256996,25.6380005,12.2616997,12.2616997,3.1680801,84,38,46,8.6240196,11.7923002,58.0036011,0,6.9039102,1,0,1,"12","oot","12","11-14",4,"05",149,2014,16.5,13.3,8,1,1.9,0.9,6.4,13,22.4,26.7,31.9,39,24,43,143,131,146,76,77,26,18,8,32,195,13.5,559
"161","EMPAID_NSF02A_2015",2015,"EMPAID","EMPAID_SF","H","egg",2015-05-19,25,17.5,1,1.77882,56.6996002,555.651001,7.5188899,39.4250984,51.1879997,43.9132004,43.9132004,26.8701,92,68,24,74.4129028,29.3633995,0,0,0,0,1,1,"oot","0","0","0-5",6,"05",139,2015,17.8,14.4,8.3,1.1,2.4,1.1,7.1,14.2,23.6,27.9,32.9,41,22,37,123,113,136,67,76,24,16,9,32.8,191,14.4,502
"162","EMPAID_NSF02A_2016",2016,"EMPAID","EMPAID_SF","H","egg",2016-05-18,8.33333333333333,52.5,0.909090909090909,77.5500031,232.1100006,141.1750031,32.2280006,75.8286972,19.2724991,75.7406998,1.78938,75.7406998,103,3,100,430.5840149,30.6541996,4.4561901,0,0,0,1,1,"oot","0","0","0-5",4,"05",139,2016,17.6,14.2,8.2,1,2.3,1,6.9,14,23.4,27.7,32.6,42,23,38,125,115,138,68,78,24,16,9,32.9,191,14.4,498
"163","EMPAID_NSF05A_2016",2016,"EMPAID","EMPAID_SF","H","egg",2016-06-06,25,25,0.923076923076923,2.3364699,57.8143005,487.2810059,9.1460505,38.8384018,42.1824989,36.1982994,36.1982994,26.7527008,97,51,46,60.6730003,48.9292984,6.3118701,0,0,0,2,2,"oot","0","0","0-5",4,"05",158,2016,17.6,14.3,8.2,1,2.3,1,7,14.1,23.5,27.7,32.7,41,23,38,125,114,138,68,77,24,17,9,32.7,192,14.3,504
"164","EMPAID_NSF07A_2014",2014,"EMPAID","EMPAID_SF","H","egg",2014-05-27,8.33333333333333,20,0.888888888888889,6.8538499,149.3150024,455.9129944,16.0212994,58.0816002,32.5901985,53.1240997,22.9685993,53.1240997,91,26,65,221.095993,35.993,0,0,0,0,2,2,"oot","0","0","0-5",4,"05",147,2014,17.3,14,8.1,0.9,2.2,0.9,6.7,13.8,23.2,27.4,32.4,43,23,39,129,117,142,70,80,25,17,9,32.7,193,14.3,506
"165","EMPAID_NSF07A_2015",2015,"EMPAID","EMPAID_SF","H","egg",2015-05-19,8.33333333333333,10,1,6.5766702,150.628006,468.0100098,15.7231998,57.8762016,32.8249016,53.2708015,23.1152992,53.2708015,94,27,67,211.0870056,41.2144012,0,0,0,0,3,3,"oot","0","0","0-5",4,"05",139,2015,17.3,14,8.1,0.9,2.2,0.9,6.7,13.7,23.2,27.4,32.3,43,23,39,129,117,142,70,80,25,17,9,32.4,200,14,520
"166","EMPAID_NSF07A_2016",2016,"EMPAID","EMPAID_SF","H","egg",2016-05-21,16.6666666666667,20,0.8,6.8538499,149.3150024,455.9129944,16.0212994,58.0816002,32.5901985,53.1240997,22.9685993,53.1240997,91,26,65,221.095993,59.4309006,6.3118701,0,0,0,3,3,"oot","1","1","0-5",5,"05",142,2016,17.3,14,8.1,0.9,2.2,0.9,6.7,13.8,23.2,27.4,32.4,43,23,39,129,117,142,70,80,25,17,9,32.3,200,14,520
"167","EMPAID_NSF08A_2013",2013,"EMPAID","EMPAID_SF","U","egg",2013-06-12,8.33333333333333,12.5,0.857142857142857,2.4232099,25.3896999,307.8590088,7.9717202,41.8597984,47.5213013,43.6198006,43.6198006,13.6403999,81,53,28,57.4361992,23.3792992,0,0,0,0,0,0,"oot","oot","oot","oot",4,"05",163,2013,17,13.7,8,0.8,2.1,0.8,6.5,13.5,22.9,27.1,32.1,44,24,41,132,120,146,71,82,25,17,9,32.4,200,14,520
"168","EMPAID_NSF08A_2017",2017,"EMPAID","EMPAID_SF","H","egg",2017-05-26,25,22.5,0.833333333333333,58.5675011,227.5220032,169.8470001,33.2288017,76.3566971,18.8617992,75.2419968,1.73071,75.2419968,100,4,96,483.8609924,33.176899,3.12251,0,0,0,2,2,"oot","0","0","0-5",4,"05",146,2017,17.4,14.1,8.2,1,2.2,1,6.8,13.9,23.3,27.6,32.5,43,23,39,127,116,140,69,79,25,17,9,32.5,197,14.2,513
"169","EMPAID_NSF09A_2014",2014,"EMPAID","EMPAID_SF","U","egg",2014-06-03,0,10,0.5,1.30114,13.0760002,300.8259888,11.4209995,29.6861,49.6627007,38.2809982,38.2809982,8.5655603,106,70,36,20.6625996,17.0431004,0,0,0,0,0,0,"oot","oot","oot","oot",2,"05",154,2014,17.5,14.2,8.2,1,2.3,1,6.9,14,23.4,27.7,32.6,42,23,39,126,115,140,69,78,25,17,9,32.5,199,14.1,514
"170","EMPAID_NSF09A_2017",2017,"EMPAID","EMPAID_SF","H","egg",2017-05-24,41.6666666666667,10,0.666666666666667,1.50231,15.8879004,309.4450073,10.9294004,31.8274994,48.2546005,44.3824997,44.3824997,7.77354,110,65,45,26.0692005,59.4309006,5.8439698,0,0,0,3,3,"oot","0","0","0-5",4,"05",144,2017,17.5,14.1,8.2,1,2.3,1,6.9,13.9,23.3,27.6,32.5,42,23,39,127,116,140,69,78,25,17,9,32.7,193,14.3,504
"171","EMPAID_NSG08A_2014",2014,"EMPAID","307","B","egg+nestling",2014-05-25,83.3333333333333,2.5,0.636363636363636,1.00731,11.9118996,329.019989,12.3838997,17.0725002,28.3073997,9.0642405,9.0642405,6.0721598,111,52,59,16.8297997,29.9794998,36.9735985,0,0,1,0,1,"2","oot","2","0-5",1,"05",145,2014,15.6,12.4,7.4,0.5,1.9,0.8,6.2,12.2,21.6,25.8,31,38,28,51,162,128,161,80,81,27,22,7,31.5,192,12.8,576
"172","EMPAID_NSG09A_2015",2015,"EMPAID","308","HB","egg",2015-06-12,33.3333333333333,7.5,0.571428571428571,0.578571,5.3562899,287.3630066,27.7528,9.2402496,30.9181995,9.2402496,9.2402496,3.5494299,89,49,40,7.6799998,37.3717003,66.4639969,0,0,1,2,3,"3","3","3","0-5",4,"05",163,2015,15.8,12.6,7.5,0.6,2,0.9,6.3,12.4,21.8,26,31.2,37,28,50,157,124,156,78,79,26,21,7,31,199,12.4,610
"173","EMPAID_NSG10A_2012",2012,"EMPAID","309","HB","egg+nestling",2012-05-22,41.6666666666667,2.5,0.666666666666667,0.197419,0.563824,136.2339935,68.9445038,1.99472,28.2488003,14.4031,14.4031,0.49868,63,31,32,0.370355,33.7635994,59.1240005,0,0,1,1,2,"0","10","0","0-5",1,"05",143,2012,16.1,12.9,7.7,0.8,2.1,1,6.6,12.7,22.1,26.3,31.5,37,27,47,150,118,149,74,77,26,21,7,31.2,194,12.6,593
"174","EMPAID_NSG10A_2013",2013,"EMPAID","310","HB","egg",2013-06-09,0,0,0,0.175385,0.298421,83.7570038,67.5904007,2.2293899,33.3821983,20.4459,20.4459,0.234673,62,39,23,0.598113,36.1689987,55.9473991,0,0,1,2,3,"1","1","1","0-5",3,"05",160,2013,16,12.8,7.7,0.7,2.1,1,6.5,12.6,22,26.2,31.4,37,27,48,152,120,152,76,77,26,21,7,31.5,192,12.9,565
"175","EMPAID_NSG10A_2014",2014,"EMPAID","311","HB","egg",2014-06-01,0,0,0,0.357692,1.44987,174.7400055,39.235199,4.5467901,23.5552998,5.01613,5.01613,1.1147,85,39,46,1.94034,33.1475983,61.0751991,0,0,1,1,2,"2","12","2","0-5",4,"05",152,2014,15.9,12.7,7.7,0.7,2.1,1,6.5,12.6,21.9,26.2,31.4,37,27,49,154,122,153,76,78,26,21,7,31.4,192,12.8,575
"176","EMPAID_NSG10A_2015",2015,"EMPAID","312","HB","egg",2015-05-14,33.3333333333333,12.5,0.666666666666667,0.600698,4.6520901,259.7009888,31.5953007,8.41889,33.5289001,19.8591995,19.8591995,2.6694,74,43,31,6.3238802,39.2490005,75.9716034,0,0,1,2,3,"3","3","3","0-5",4,"05",134,2015,15.9,12.7,7.6,0.7,2.1,0.9,6.4,12.5,21.9,26.2,31.3,37,27,49,154,122,153,76,78,26,21,7,31.4,193,12.7,581
"177","EMPAID_NSG10A_2016",2016,"EMPAID","313","HB","egg",2016-05-21,25,10,0.714285714285714,0.610851,5.1621599,272.9609985,29.1126003,9.3575802,33.8809013,20.2112007,20.2112007,3.1387501,81,47,34,7.1788402,40.2463989,79.3615036,0,0,1,2,3,"4","4","4","0-5",4,"05",142,2016,15.8,12.6,7.5,0.6,2,0.9,6.4,12.5,21.8,26.1,31.3,37,27,49,156,123,155,77,79,26,22,7,31.3,193,12.7,581
"178","EMPAID_NSG10A_2019",2019,"EMPAID","315","HB","egg",2019-05-31,0,0,0,0.357692,1.5509,182.6430054,34.8348999,4.5467901,19.1844997,4.4587898,4.4587898,0.968026,104,39,65,1.91022,26.1366997,45.9337006,0,0,1,2,3,"7","7","7","6-10",4,"05",151,2019,16,12.8,7.7,0.8,2.1,1,6.5,12.7,22,26.3,31.5,37,27,48,153,120,152,76,77,26,21,7,31.3,193,12.7,581
"179","EMPAID_NWM03A_2013",2013,"EMPAID","316","H","egg",2013-05-28,0,0,0,2.3706801,35.8833008,375.9819946,10.5274,33.9981995,43.0037994,22.6166,22.6166,17.2777996,92,44,48,60.4410019,39.4543991,0,0,18.6490993,0,2,2,"oot","2","2","0-5",5,"05",148,2013,15,11.9,6.9,0.3,1.3,0.3,5.4,11.7,20.9,25.1,30.3,42,25,44,154,151,155,82,81,28,18,8,30,207,11.7,617
"180","EMPAID_NWM03A_2015",2015,"EMPAID","318","H","egg+nestling",2015-05-26,0,0,0,1.03641,8.1560497,262.0979919,23.2483006,21.6191998,55.8521996,38.3396988,38.3396988,5.8374901,91,64,27,14.7459002,38.1049995,0,0,49.4191017,0,3,3,"oot","1","1","0-5",1,"05",146,2015,14.7,11.6,6.7,0.1,1.2,0.2,5.3,11.5,20.6,24.9,30,42,25,44,156,154,157,83,82,28,18,8,30.4,205,12,608
"181","EMPAID_NWM03A_2016",2016,"EMPAID","319","H","egg",2016-06-11,41.6666666666667,7.5,0.875,0.93169,8.8367796,291.2850037,23.3983002,21.5606003,57.4361992,46.641201,46.641201,5.4561501,90,71,19,13.5549002,39.5130997,0,0,49.3809013,0,3,3,"oot","2","2","0-5",4,"05",163,2016,14.7,11.7,6.7,0.1,1.3,0.2,5.3,11.5,20.6,24.9,30,42,25,44,156,153,156,83,82,28,18,8,30,207,11.6,619
"182","EMPAID_NWM03A_2017",2017,"EMPAID","320","H","egg+nestling",2017-06-03,50,12.5,0.818181818181818,0.824348,5.3541498,234.4140015,27.8251991,18.5391998,58.3456001,42.2411003,42.2411003,4.0187702,94,69,25,9.2984695,39.7476997,0.0923067,0,46.5957985,0,3,3,"oot","3","3","0-5",2,"05",154,2017,15.2,12.1,7.1,0.4,1.4,0.4,5.5,11.9,21.1,25.4,30.5,41,24,44,153,149,154,82,81,28,18,8,30,207,11.7,617
"183","EMPAID_NWM03A_2019",2019,"EMPAID","322","H","egg",2019-06-08,25,0,1,0.835541,7.5601301,283.6929932,25.2553005,20.1525002,57.8175011,46.2305984,46.2305984,4.9281301,98,74,24,11.7763004,40.6864014,0.108222,0,48.8811989,0,3,3,"oot","5","5","0-5",3,"05",159,2019,14.8,11.7,6.8,0.2,1.3,0.2,5.3,11.6,20.7,25,30.1,42,25,44,155,152,156,83,82,28,18,8,30.2,206,11.8,613
"184","EMPAID_NWRF-L08A_2015",2015,"EMPAID","EMPAID_WRF-L","H","egg+nestling",2015-05-17,16.6666666666667,40,0.666666666666667,7.95857,96.853302,334.2109985,11.8463001,54.4734993,35.6996002,40.7158012,22.1765995,40.7158012,86,21,65,161.7660065,23.9073009,0,0,0.378776,0,2,2,"oot","1","1","0-5",1,"05",137,2015,18.1,14.6,8.4,0.9,1.7,1,7.8,14.8,24,28.1,33.1,36,20,34,107,95,119,57,67,24,18,8,32.8,182,14.2,456
"185","EMPAID_NWRF-M06A_2015",2015,"EMPAID","EMPAID_WRF-M","H","egg",2015-05-28,8.33333333333333,42.5,0.5,6.52846,110.6809998,399.4190063,11.8261995,55.3241005,37.0196991,44.3824997,12.8776999,44.3824997,86,26,60,227.4450073,20.6805992,0,0,4.0837798,0,1,1,"oot","1","1","0-5",4,"05",148,2015,16.5,13.2,8.2,1.3,1.9,1.1,6.7,13.2,22.6,26.6,31.7,39,24,43,133,115,148,72,76,25,19,9,31.7,192,13.3,534
"186","EMPAID_NWRF-M06A_2016",2016,"EMPAID","EMPAID_WRF-M","H","egg",2016-05-28,16.6666666666667,20,0.6,5.9657102,108.2320023,414.0329895,11.4113998,54.4440994,37.9583015,43.6198006,15.8697996,43.6198006,81,28,53,196.2720032,21.7658997,7.3590698,0,4.1156101,0,1,1,"oot","2","2","0-5",4,"05",149,2016,16.5,13.2,8.2,1.3,1.9,1.1,6.6,13.2,22.5,26.6,31.6,39,24,43,133,115,148,72,76,25,19,9,31.7,193,13.2,535
"187","EMPAID_NWRF-M09A_2018",2018,"EMPAID","EMPAID_WRF-M","HB","egg",2018-06-10,16.6666666666667,17.5,0.333333333333333,7.3839102,147.0299988,434.8819885,14.8796997,55.3535004,30.6541996,51.4813995,10.8830004,51.4813995,92,23,69,241.8600006,25.3446999,21.4374008,0,5.8758001,1,2,3,"2","3","2","0-5",4,"05",161,2018,16.9,13.5,8.3,1.2,1.9,1.1,6.9,13.6,22.9,27,32,39,23,40,128,112,141,68,75,25,19,9,31.8,195,13.3,522
