"","Nest_ID","Year_located","Project_ID","Transect_ID","Trt_50","Nest_Ht","Tree_sp","Orientation","Initiation_date","NoFL_uncert","Trees_2550","Trees_50","pPIPO","start_date","end_date","a1000_areamn2","a1000_areaam2","a1000_areacv2","a1000_contag","a1000_pland2","a1000_pland1","a1000_lpi","a1000_lpi1","a1000_lpi2","a1000_np","a1000_np1","a1000_np2","a1000_proxmn2","a1000_Ha","a1000_Bu","cosOrientation","Init_day","No_eggs_est","No_eggs","No_young","Trt_cat","Tmax","PPT"
"1","EMFWOR_NCAMC1-01A_2015",2015,"EMFWOR","EMFWOR_CAMC1","U",2.3,"PIPO",20,"2015-06-06",2,33.3333333333333,17.5,0.272727272727273,"06","07",4.46,61.0449982,356.1910095,22.1828995,26.1660004,47.6679001,36.5209999,36.5209999,22.7632999,49,31,18,91.7546997,0,0,0.939692620785908,157,3,3,2,"Untreated",29.8,20
"2","EMFWOR_NCAMC1-01A_2017",2017,"EMFWOR","EMFWOR_CAMC1","U",4.5,"PIPO",140,"2017-05-23",2,50,15,0.769230769230769,"05","07",5.1670599,57.4421005,318.071991,21.2150993,28.6301003,49.4866982,41.5663986,41.5663986,22.9685993,38,21,17,90.2464981,0,0,-0.766044443118978,143,3,0,2,"Untreated",29.7,46
"3","EMFWOR_NCAMC1-02A_2018",2018,"EMFWOR","EMFWOR_CAMC1","U",5.2,"PIPO",300,"2018-05-28",2,191.666666666667,17.5,0.5,"05","07",8.9935703,114.0319977,341.7489929,19.5303001,41.0383987,41.3903999,39.0437012,30.1555004,39.0437012,44,30,14,185.2279968,0,0,0.5,148,6,3,2,"Untreated",30,44
"4","EMFWOR_NCAMC1-02A_2019",2019,"EMFWOR","EMFWOR_CAMC1","U",4.6,"PIPO",218,"2019-06-12",0,191.666666666667,17.5,0.5,"06","07",8.9935703,114.0319977,341.7489929,19.5303001,41.0383987,41.3903999,39.0437012,30.1555004,39.0437012,44,30,14,185.2279968,0,0,-0.788010753606722,163,6,6,1,"Untreated",30,19
"5","EMFWOR_NCAMC1-09A_2015",2015,"EMFWOR","EMFWOR_CAMC1","B",2.9,"PIPO",108,"2015-06-06",3,8.33333333333333,5,0.666666666666667,"06","07",3.25091,52.8932991,390.7720032,16.0655003,34.966301,43.8544998,36.9609985,36.9609985,22.0592995,77,44,33,64.3373032,0,14.4911003,-0.309016994374947,157,5,0,3,"Treated",30.1,19
"6","EMFWOR_NCAMC1-09A_2018",2018,"EMFWOR","EMFWOR_CAMC1","B",2.5,"Abies",141,"2018-05-17",3,0,0,0,"05","07",2.1931601,24.5398998,319.2070007,19.9605007,27.1634007,49.9560013,42.8278008,42.8278008,10.9123001,78,40,38,28.7733994,0,15.0776997,-0.777145961456971,137,7,0,4,"Treated",30.4,43
"7","EMFWOR_NCAMC1-10A_2017",2017,"EMFWOR","EMFWOR_CAMC1","B",1.5,"PIPO",109,"2017-05-14",3,8.33333333333333,5,1,"05","06",1.9430799,24.9864006,344.3720093,21.3740005,24.6993008,51.3347015,42.6517982,42.6517982,12.3789997,75,36,39,25.8227005,0,15.2243996,-0.325568154457157,134,5,0,3,"Treated",25.9,39
"8","EMFWOR_NCAMC1-10A_2020",2020,"EMFWOR","EMFWOR_CAMC1","B",3.6,"PIPO",39,"2020-06-23",2,41.6666666666667,10,0.666666666666667,"06","08",3.3561299,49.1767006,369.4970093,15.4988003,33.9101982,44.1184998,36.4035988,36.4035988,20.0352001,78,47,31,62.2593002,0,14.7257004,0.777145961456971,175,4,4,3,"Treated",30.1,24
"9","EMFWOR_NCAMC2-10A_2018",2018,"EMFWOR","EMFWOR_CAMC2","U",3.9,"PIPO",82,"2018-05-23",2,91.6666666666667,7.5,0.733333333333333,"05","07",7.2821698,153.2559967,447.7210083,14.8600998,54.5908012,32.4141998,52.2146988,15.9870996,52.2146988,83,60,23,339.0390015,0,0,0.139173100960065,143,4,4,3,"Untreated",29.6,46
"10","EMFWOR_NCAMC2-10A_2019",2019,"EMFWOR","EMFWOR_CAMC2","U",3.9,"PIPO",82,"2019-06-03",0,91.6666666666667,7.5,0.733333333333333,"06","07",7.2821698,153.2559967,447.7210083,14.8600998,54.5908012,32.4141998,52.2146988,15.9870996,52.2146988,83,60,23,339.0390015,0,0,0.139173100960065,154,3,3,2,"Untreated",29.6,20
"11","EMFWOR_NCAMC3-08A_2018",2018,"EMFWOR","EMFWOR_CAMC3","U",3.1,"POTR5",51,"2018-05-20",4,75,0,0,"05","07",2.75211,22.6940994,269.1860046,33.5130997,17.0431004,51.5400009,49.2519989,49.2519989,10.8242998,27,8,19,21.7856007,0,0,0.629320391049838,140,4,4,4,"Untreated",29.5,47
"12","EMFWOR_NCAMC3-08A_2020",2020,"EMFWOR","EMFWOR_CAMC3","U",4.8,"POTR5",102,"2020-05-25",1,33.3333333333333,5,0.142857142857143,"05","07",2.4300001,20.0788002,269.4970093,33.4715004,17.4244995,52.7720985,50.5719986,50.5719986,10.2082996,28,6,22,22.9120007,0,0,-0.207911690817759,146,4,4,1,"Untreated",29.5,47
"13","EMFWOR_NCAMC4-01A_2018",2018,"EMFWOR","EMFWOR_CAMC4","B",3.1,"POTR5",2,"2018-06-03",1,75,20,0.882352941176471,"06","07",0.595455,5.3646898,283.0090027,23.9491005,19.2138004,58.8442001,51.3347015,51.3347015,3.9601099,121,22,99,7.74509,4.2241101,55.793499,0.999390827019096,154,2,0,1,"Treated",28.4,23
"14","EMFWOR_NCAMC4-01A_2020",2020,"EMFWOR","EMFWOR_CAMC4","B",1.7,"POTR5",90,NA,0,50,15,0.166666666666667,NA,"06",0.54,4.8133702,281.3120117,26.6476002,17.7765007,59.9883003,56.5267982,56.5267982,3.9601099,119,18,101,7.0058198,5.8961601,62.5110016,6.12303176911189e-17,NA,4,4,0,"Treated",NA,NA
"15","EMFWOR_NCAMC4-07A_2016",2016,"EMFWOR","EMFWOR_CAMC4","U",1.7,"POTR5",322,"2016-05-29",3,66.6666666666667,0,0.888888888888889,"05","07",1.61836,31.8635006,432.3049927,14.1638002,29.0114002,54.0041008,50.3372993,50.3372993,17.0725002,87,32,55,29.0573997,0,0,0.788010753606722,150,5,0,3,"Untreated",29,50
"16","EMFWOR_NCAMC4-07A_2018",2018,"EMFWOR","EMFWOR_CAMC4","U",1.7,"POTR5",156,"2018-05-23",2,83.3333333333333,2.5,0.0833333333333333,"05","07",1.67667,17.6305008,308.4670105,14.2714996,29.5100994,54.5908012,51.9506989,51.9506989,11.6456003,85,31,54,19.5307999,0,0,-0.913545457642601,143,3,0,2,"Untreated",28.9,51
"17","EMFWOR_NCAMC4-07A_2019",2019,"EMFWOR","EMFWOR_CAMC4","U",3.9,"POTR5",194,"2019-05-26",1,66.6666666666667,20,0.823529411764706,"05","07",1.3890001,9.7804499,245.7920074,15.8908997,27.1634007,56.5561981,54.8548012,54.8548012,7.2161899,83,23,60,15.8381004,0,0,-0.970295726275996,146,4,4,2,"Untreated",28.9,51
"18","EMFWOR_NCAMC4-09A_2020",2020,"EMFWOR","EMFWOR_CAMC4","U",2.1,"POTR5",220,"2020-05-31",0,116.666666666667,7.5,0.529411764705882,"05","06",0.839531,3.8398499,189.0449982,27.9113998,17.5125008,60.6922989,57.9054985,57.9054985,3.1974199,71,7,64,8.7692699,0,0,-0.766044443118978,152,4,4,0,"Untreated",25.1,44
"19","EMFWOR_NCAMC4-10A_2016",2016,"EMFWOR","EMFWOR_CAMC4","U",4.6,"PIPO",359,"2016-06-01",2,8.33333333333333,15,0,"06","07",0.907031,7.5693498,271.019989,24.3887005,18.9204998,57.9348984,46.0545998,46.0545998,5.8961601,82,18,64,9.9089298,0,0,0.999847695156391,153,3,0,2,"Untreated",29.5,21
"20","EMFWOR_NCAMC4-10A_2018",2018,"EMFWOR","EMFWOR_CAMC4","U",1.7,"POTR5",32,"2018-05-22",1,91.6666666666667,2.5,0.333333333333333,"05","07",0.738806,3.50313,193.4320068,30.6445007,16.1338005,61.4550018,58.1696014,58.1696014,3.1680801,75,8,67,7.4896002,0,0,0.848048096156426,142,2,0,1,"Untreated",29.5,47
"21","EMFWOR_NCAMC4-10B_2018",2018,"EMFWOR","EMFWOR_CAMC4","U",2.5,"POTR5",80,"2018-05-22",1,8.33333333333333,0,0,"05","07",1.22464,13.0479002,310.7160034,19.4978008,22.3526001,53.0653992,31.4755001,31.4755001,8.6242304,76,20,56,14.7007999,0,0,0.17364817766693,142,4,4,3,"Untreated",29.7,46
"22","EMFWOR_NCAMC5-01A_2015",2015,"EMFWOR","EMFWOR_CAMC5","U",2.4,"POTR5",136,"2015-05-30",3,16.6666666666667,2.5,0.4,"05","07",0.975789,7.8882499,266.1570129,28.5111008,18.1285,62.6870003,61.4842987,61.4842987,5.5148101,70,13,57,10.4209995,0,0,-0.719339800338651,150,6,1,3,"Untreated",29.2,48
"23","EMFWOR_NCAMC5-01A_2017",2017,"EMFWOR","EMFWOR_CAMC5","U",2.4,"POTR5",198,"2017-05-12",0,33.3333333333333,12.5,0.4,"05","06",0.975789,7.8882499,266.1570129,28.5111008,18.1285,62.6870003,61.4842987,61.4842987,5.5148101,70,13,57,10.4209995,0,0,-0.951056516295154,132,7,2,3,"Untreated",24.8,44
"24","EMFWOR_NCAMC5-01A_2018",2018,"EMFWOR","EMFWOR_CAMC5","U",7.3,"POTR5",243,"2018-05-20",3,25,2.5,0.2,"05","07",0.975789,7.8882499,266.1570129,28.5111008,18.1285,62.6870003,61.4842987,61.4842987,5.5148101,70,13,57,10.4209995,0,0,-0.453990499739547,140,4,4,3,"Untreated",29.2,48
"25","EMFWOR_NCAMC5-01A_2020",2020,"EMFWOR","EMFWOR_CAMC5","U",1.5,"POTR5",175,"2020-06-09",0,66.6666666666667,22.5,1,"06","07",1.1087199,8.3336296,255.272995,30.7194004,16.9845009,61.9243011,60.6629982,60.6629982,5.5148101,61,14,47,11.0150003,0,0,-0.996194698091746,161,3,3,0,"Untreated",29.1,21
"26","EMFWOR_NCAMC7-06A_2015",2015,"EMFWOR","EMFWOR_CAMC7","U",1.7,"POTR5",191,"2015-06-01",4,91.6666666666667,5,0.307692307692308,"06","07",14.4692001,183.1040039,341.3900146,19.566,61.3083,29.6275005,60.4869003,7.71487,60.4869003,55,42,13,319.4909973,0,0,-0.981627183447664,152,4,4,4,"Untreated",29.2,21
"27","EMFWOR_NCAMC7-06A_2018",2018,"EMFWOR","EMFWOR_CAMC7","U",7.5,"POTR5",272,"2018-05-28",4,100,7.5,0.266666666666667,"05","07",14.1576996,178.345993,340.54599,18.4986992,59.9883003,30.0967999,59.0495987,7.71487,59.0495987,55,42,13,313.348999,0,0,0.0348994967025013,148,7,0,4,"Untreated",29.2,48
"28","EMFWOR_NCAMC7-06A_2020",2020,"EMFWOR","EMFWOR_CAMC7","U",4,"PIPO",330,"2020-05-24",2,16.6666666666667,5,0.166666666666667,"05","07",19.6469994,192.0059967,296.1889954,21.6956997,64.0363998,28.3367996,63.3030014,7.71487,63.3030014,48,38,10,400.2539978,0,0,0.866025403784438,145,3,0,2,"Untreated",29.2,48
"29","EMFWOR_NCAMC8-06A_2016",2016,"EMFWOR","EMFWOR_CAMC8","U",3.8,"PIPO",255,"2016-06-05",3,66.6666666666667,2.5,0.7,"06","07",0.715263,2.22228,145.1529999,21.8687992,17.7178001,51.7747002,49.8973007,49.8973007,2.2880599,99,23,76,6.4987001,0,0,-0.258819045102521,157,5,0,3,"Untreated",28.8,23
"30","EMFWOR_NCAMC8-07A_2017",2017,"EMFWOR","EMFWOR_CAMC8","U",1.8,"POTR5",322,"2017-05-22",3,25,2.5,0.666666666666667,"05","07",0.971379,5.1498399,207.4019928,21.7194004,18.3631992,51.5400009,49.1053009,49.1053009,4.75213,83,25,58,7.5199399,0,0,0.788010753606722,142,5,5,3,"Untreated",28.9,49
"31","EMFWOR_NCAMC8-07A_2018",2018,"EMFWOR","EMFWOR_CAMC8","U",1.8,"POTR5",322,"2018-05-23",2,25,2.5,0.666666666666667,"05","07",0.971379,5.1498399,207.4019928,21.7194004,18.3631992,51.5400009,49.1053009,49.1053009,4.75213,83,25,58,7.5199399,0,0,0.788010753606722,143,3,3,2,"Untreated",28.9,49
"32","EMFWOR_NCAMC8-07A_2019",2019,"EMFWOR","EMFWOR_CAMC8","U",1.8,"POTR5",322,NA,0,25,2.5,0.666666666666667,NA,"06",0.971379,5.1498399,207.4019928,21.7194004,18.3631992,51.5400009,49.1053009,49.1053009,4.75213,83,25,58,7.5199399,0,0,0.788010753606722,NA,2,2,0,"Untreated",NA,NA
"33","EMFWOR_NCAMC8-09A_2019",2019,"EMFWOR","EMFWOR_CAMC8","U",4,"POTR5",322,"2019-06-23",2,25,0,0,"06","08",1.19204,8.2635002,243.5619965,20.2094994,19.0377998,48.1665993,42.4757996,42.4757996,6.6001801,80,31,49,13.4891005,0,0,0.788010753606722,174,3,0,2,"Untreated",29,26
"34","EMFWOR_NCAMC8-09A_2020",2020,"EMFWOR","EMFWOR_CAMC8","U",2.4,"POTR5",333,"2020-06-01",2,66.6666666666667,7.5,0.0833333333333333,"06","07",1.45565,25.0028,402.1990051,16.6655006,21.8246002,45.2625008,37.547699,37.547699,13.1709995,80,34,46,23.2861004,0,0,0.891006524188368,153,4,4,2,"Untreated",29,22
"35","EMFWOR_NLFTT2-01A_2017",2017,"EMFWOR","EMFWOR_LFTT2","U",5.6,"POTR5",310,"2017-06-05",3,58.3333333333333,0,0,"06","07",2.2240701,24.8281002,318.8009949,8.5064898,42.7691002,43.8251991,28.0433998,28.0433998,12.6136999,104,45,59,55.3098984,25.0806999,12.7896996,0.642787609686539,156,6,1,3,"Untreated",27.4,25
"36","EMFWOR_NLFTT2-01A_2018",2018,"EMFWOR","Incidental","H",4.2,"PIPO",330,"2018-05-30",3,16.6666666666667,17.5,0.333333333333333,"05","07",0.783443,3.8110199,196.5820007,33.0191994,15.5763998,63.7136993,63.0976982,63.0976982,2.4054,69,8,61,6.0820498,14.6377001,0,0.866025403784438,150,5,5,4,"Treated",27.3,53
"37","EMFWOR_NLFTT2-01B_2018",2018,"EMFWOR","EMFWOR_LFTT2","U",7.4,"POTR5",312,"2018-06-06",4,41.6666666666667,5,0.333333333333333,"06","07",2.3194699,26.0932007,320.1499939,8.5949898,43.0918007,43.8838005,27.2514,27.2514,12.9949999,100,43,57,56.6669998,30.6247997,13.0830002,0.669130606358858,157,5,5,4,"Untreated",27.4,25
"38","EMFWOR_NLILT1-07A_2019",2019,"EMFWOR","EMFWOR_LILT1","H",4.2,"POTR5",197,"2019-06-16",2,8.33333333333333,7.5,0.75,"06","07",0.888923,10.2265997,324.1069946,27.6088009,18.8325005,61.0443001,59.9589005,59.9589005,7.0401902,79,14,65,16.2329998,55.5000992,2.5520699,-0.956304755963035,167,3,0,2,"Treated",27.9,25
"39","EMFWOR_NLILT1-07A_2020",2020,"EMFWOR","EMFWOR_LILT1","HB",2.6,"POTR5",204,"2020-06-14",2,0,5,1,"06","07",0.863437,9.4432602,315.2269897,27.4428997,18.0111008,58.1696014,57.3774986,57.3774986,6.5121698,76,12,64,14.6374998,63.4496994,5.72015,-0.913545457642601,166,3,0,2,"Treated",27.9,25
"40","EMFWOR_NLILT1-08A_2021",2021,"EMFWOR","EMFWOR_LILT1","HB",2.5,"POTR5",109,"2021-06-12",3,33.3333333333333,2.5,0.4,"06","07",0.818308,11.4308996,360.125,27.6765003,17.3365002,55.1188011,53.6227989,53.6227989,7.3922,79,14,65,15.125,60.1055984,62.2470016,-0.325568154457157,163,5,0,3,"Treated",28,25
"41","EMFWOR_NLILT1-10A_2016",2016,"EMFWOR","EMFWOR_LILT1","U",3.9,"PIPO",65,"2016-06-11",3,25,45,0.772727272727273,"06","07",5.81318,78.7650986,354.2510071,15.8219004,41.6837997,34.4089012,32.2382011,13.5523996,32.2382011,63,41,22,76.7790985,11.9390001,0,0.422618261740699,163,5,0,3,"Untreated",28,25
"42","EMFWOR_NLILT3-04A_2020",2020,"EMFWOR","EMFWOR_LILT3","HB",2,"PIPO",133,"2020-06-07",0,25,20,0.454545454545455,"06","07",1.10478,8.4399204,257.67099,21.1112003,24.8460007,66.2950974,65.7670975,65.7670975,4.5761199,80,11,69,23.2080002,66.3831024,63.5377007,-0.681998360062498,159,3,0,2,"Treated",27.7,26
"43","EMFWOR_NLILT3-10A_2017",2017,"EMFWOR","EMFWOR_LILT3","H",2.6,"PIPO",252,"2017-06-02",3,33.3333333333333,15,1,"06","07",3.25,63.2984009,429.8420105,8.89571,38.1343002,48.1078987,40.5396996,40.5396996,27.6620998,78,42,36,91.1956024,5.1041398,0,-0.309016994374948,153,5,0,3,"Treated",28,26
"44","EMFWOR_NLILT3-10A_2018",2018,"EMFWOR","EMFWOR_LILT3","H",1.5,"PIPO",113,"2018-05-30",3,41.6666666666667,20,0.615384615384615,"05","07",3.54971,64.006897,412.6940002,8.6038799,39.3370018,47.8732986,28.7474003,28.7474003,28.1021004,74,40,34,83.2310028,66.6471024,0,-0.390731128489274,150,4,4,3,"Treated",28.1,58
"45","EMFWOR_NMUDT1-05A_2015",2015,"EMFWOR","EMFWOR_MUDT1","U",7.5,"POTR5",188,"2015-05-29",3,8.33333333333333,0,0,"05","07",3.2320001,62.9813004,429.9630127,9.0864496,47.4039001,33.4408989,29.8327999,16.3684006,29.8327999,125,80,45,153.4539948,13.4350004,13.3764,-0.99026806874157,149,5,1,3,"Untreated",27.9,52
"46","EMFWOR_NMUDT1-05A_2016",2016,"EMFWOR","EMFWOR_MUDT1","U",7.5,"POTR5",188,"2016-06-05",3,8.33333333333333,0,0,"06","07",3.2320001,62.9813004,429.9630127,9.0864496,47.4039001,33.4408989,29.8327999,16.3684006,29.8327999,125,80,45,153.4539948,13.4350004,13.3764,-0.99026806874157,157,7,1,4,"Untreated",27.9,24
"47","EMFWOR_NMUDT1-05A_2018",2018,"EMFWOR","EMFWOR_MUDT1","U",2.5,"POTR5",232,NA,0,33.3333333333333,0,0,NA,"06",2.14429,33.8350983,384.4370117,7.19101,44.0304985,34.702301,20.3871994,20.3871994,19.0377998,134,71,63,75.5833969,14.2564001,12.1443005,-0.615661475325658,NA,2,2,0,"Untreated",NA,NA
"48","EMFWOR_NMUDT1-05A_2020",2020,"EMFWOR","EMFWOR_MUDT1","U",3.2,"POTR5",324,"2020-06-13",2,0,0,0,"06","07",3.3013599,62.2514,422.5669861,8.8189402,47.3452988,33.8516006,29.7154999,16.4563999,29.7154999,124,80,44,142.6179962,56.9375,12.3789997,0.809016994374947,165,3,3,2,"Untreated",27.9,24
"49","EMFWOR_NMUDT1-05A_2021",2021,"EMFWOR","EMFWOR_MUDT1","U",3.2,"POTR5",324,"2021-07-03",0,0,0,0,"07","07",3.3013599,62.2514,422.5669861,8.8189402,47.3452988,33.8516006,29.7154999,16.4563999,29.7154999,124,80,44,142.6179962,59.9883003,21.8539009,0.809016994374947,184,4,4,0,"Untreated",27.9,5
"50","EMFWOR_NPINT1-03A_2018",2018,"EMFWOR","EMFWOR_PINT1","U",6.1,"POTR5",180,NA,0,8.33333333333333,25,0,NA,"06",2.2520499,12.8529997,216.9620056,9.4505901,32.2969017,48.4305992,44.4412003,44.4412003,7.8908801,78,34,44,27.2133999,33.0009003,13.3177004,-1,NA,3,3,0,"Untreated",NA,NA
"51","EMFWOR_NRIMT1-01A_2015",2015,"EMFWOR","EMFWOR_RIMT1","U",1.9,"POTR5",185,"2015-06-05",0,16.6666666666667,10,0.714285714285714,"06","07",10.5349998,169.4089966,388.3380127,16.1548004,61.8069992,32.5315018,58.3749008,8.7708998,58.3749008,72,54,18,390.3930054,7.3922,0,-0.996194698091746,156,3,3,1,"Untreated",28.6,24
"52","EMFWOR_NSWRC2-09A_2016",2016,"EMFWOR","EMFWOR_SWRC2","U",3.6,"POTR5",258,"2016-06-01",4,16.6666666666667,5,0,"06","07",6.7813001,134.4450073,433.8880005,10.6893997,50.8359985,41.8303986,47.1693001,25.6380005,47.1693001,65,42,23,160.2559967,1.99472,0,-0.20791169081776,153,7,0,4,"Untreated",29.1,20
"53","EMFWOR_NSWRC2-09A_2017",2017,"EMFWOR","EMFWOR_SWRC2","U",3.6,"POTR5",258,"2017-05-27",3,16.6666666666667,5,0,"05","07",6.7813001,134.4450073,433.8880005,10.6893997,50.8359985,41.8303986,47.1693001,25.6380005,47.1693001,65,42,23,160.2559967,2.3174,1.99472,-0.20791169081776,147,5,0,3,"Untreated",29.1,51
"54","EMFWOR_NSWRC2-09A_2018",2018,"EMFWOR","EMFWOR_SWRC2","U",3.6,"POTR5",258,"2018-05-19",4,16.6666666666667,5,0,"05","07",6.7813001,134.4450073,433.8880005,10.6893997,50.8359985,41.8303986,47.1693001,25.6380005,47.1693001,65,42,23,160.2559967,2.3174,1.99472,-0.20791169081776,139,7,0,4,"Untreated",29.1,51
"55","EMFWOR_NSWRC2-10A_2015",2015,"EMFWOR","Incidental","U",2.3,"PIPO",158,"2015-06-05",0,58.3333333333333,22.5,0.764705882352941,"06","07",7.81286,143.9609985,417.4460144,8.9965496,53.4761009,41.6250992,50.0732994,34.0275993,50.0732994,70,49,21,281.3580017,22.7339001,10.8535995,-0.927183854566787,156,4,4,3,"Untreated",29.5,20
"56","EMFWOR_NSWRC3-03A_2019",2019,"EMFWOR","EMFWOR_SWRC3","U",3.2,"PIPO",342,"2019-06-05",2,8.33333333333333,17.5,0.222222222222222,"06","07",7.9312501,109.9459991,358.6419983,17.3425007,41.3610992,23.0566006,38.4864006,6.3948398,38.4864006,65,49,16,111.9120026,5.4268098,0,0.951056516295154,156,4,4,2,"Untreated",28.4,19
"57","EMFWOR_NSWRC3-03A_2020",2020,"EMFWOR","EMFWOR_SWRC3","U",8.7,"PIPO",90,"2020-05-29",2,66.6666666666667,20,0.25,"05","07",9.5815401,104.0910034,314.0650024,16.2073994,40.5984001,24.0245991,37.0783005,7.3922,37.0783005,62,49,13,105.6230011,5.8961601,5.8961601,6.12303176911189e-17,150,5,5,4,"Untreated",28.5,52
"58","EMFWOR_NSWRC3-03B_2018",2018,"EMFWOR","EMFWOR_SWRC3","U",6.7,"PIPO",214,"2018-06-14",2,25,12.5,0.7,"06","07",6.49895,104.0599976,387.4509888,17.0130005,40.2463989,22.7339001,36.9317017,5.5734801,36.9317017,68,49,19,85.9014969,4.6054602,0,-0.829037572555042,165,4,4,2,"Untreated",28.4,19
"59","EMFWOR_NSWRC3-04A_2016",2016,"EMFWOR","Incidental","U",1.35,"POTR5",105,"2016-06-01",3,116.666666666667,15,0.25,"06","07",2.3083799,34.4339981,373.0539856,14.29,27.8381004,48.9000015,40.2170982,40.2170982,17.0137997,67,30,37,42.4146996,0,0,-0.258819045102521,153,7,0,4,"Untreated",28.6,19
"60","EMFWOR_NSWRC3-04A_2018",2018,"EMFWOR","Incidental","U",2.3,"POTR5",188,"2018-05-22",3,150,25,0.321428571428571,"05","07",2.3083799,34.4339981,373.0539856,14.29,27.8381004,48.9000015,40.2170982,40.2170982,17.0137997,67,30,37,42.4146996,0,0,-0.99026806874157,142,4,4,4,"Untreated",28.6,52
"61","EMFWOR_NSWRC3-04A_2020",2020,"EMFWOR","Incidental","U",2.2,"POTR5",48,"2020-06-05",1,175,12.5,0.0769230769230769,"06","07",2.47135,38.0727005,379.5469971,13.5320997,29.8034992,48.577301,40.0410995,40.0410995,18.6858006,67,30,37,46.6414986,0,0,0.669130606358858,157,4,1,2,"Untreated",28.5,19
"62","EMFWOR_NSWRC3-09A_2016",2016,"EMFWOR","EMFWOR_SWRC3","U",10.9,"PIPO",198,"2016-05-26",3,16.6666666666667,27.5,0.307692307692308,"05","07",13.5699997,117.1589966,276.2909851,15.3641996,39.8064003,27.8087006,38.9850006,11.9976997,38.9850006,54,45,9,202.6320038,0,0,-0.951056516295154,147,5,0,3,"Untreated",29.2,47
"63","EMFWOR_NSWRC3-09A_2019",2019,"EMFWOR","EMFWOR_SWRC3","U",2.9,"PIPO",24,"2019-05-24",0,33.3333333333333,35,0.888888888888889,"05","07",9.1199999,89.6567001,297.1659851,13.4812002,35.6702995,33.0595016,32.2089005,18.1578007,32.2089005,44,32,12,124.8259964,0,0,0.913545457642601,144,5,0,3,"Untreated",29.3,47
"64","EMMAOR_NCLIFFC1-07A_2015",2015,"EMMAOR","EMMAOR_CLIFFC1","U",2.4,"PIPO",12,"2015-05-27",1,116.666666666667,7.5,0.722222222222222,"05","07",1.68792,13.0732002,259.7139893,7.9499998,29.1581001,33.8222008,13.7284002,13.7284002,7.4801998,101,48,53,31.2446003,0,0,0.978147600733806,147,2,0,1,"Untreated",31.3,52
"65","EMMAOR_NCLIFFC1-07A_2019",2019,"EMMAOR","EMMAOR_CLIFFC1","U",3,"PIPO",273,"2019-05-25",1,66.6666666666667,5,0.818181818181818,"05","07",1.68792,13.0732002,259.7139893,7.9499998,29.1581001,33.8222008,13.7284002,13.7284002,7.4801998,101,48,53,31.2446003,0,0,0.0523359562429439,145,3,0,2,"Untreated",31.3,52
"66","EMMAOR_NCLIFFC1-08A_2016",2016,"EMMAOR","EMMAOR_CLIFFC1","U",1.25,"JUOC",26,"2016-06-02",2,41.6666666666667,15,0.166666666666667,"06","07",1.12299,8.5230904,256.70401,10.8544998,24.5233002,38.6917,28.8353996,28.8353996,5.8668199,104,37,67,16.7579002,0,0,0.898794046299167,154,3,0,2,"Untreated",31.2,17
"67","EMMAOR_NCLIFFC1-08A_2017",2017,"EMMAOR","EMMAOR_CLIFFC1","U",3.6,"JUOC",160,"2017-05-29",2,0,7.5,0,"05","07",1.0776,8.4245195,261.1099854,10.5565004,26.3419991,41.3023987,28.9528008,28.9528008,6.3068299,116,41,75,14.4765997,0,0,-0.939692620785908,149,5,0,3,"Untreated",31.2,52
"68","EMMAOR_NCLIFFC1-08A_2019",2019,"EMMAOR","EMMAOR_CLIFFC1","U",3.6,"JUOC",160,"2019-06-02",2,0,7.5,0,"06","07",1.0776,8.4245195,261.1099854,10.5565004,26.3419991,41.3023987,28.9528008,28.9528008,6.3068299,116,41,75,14.4765997,0,0,-0.939692620785908,153,4,4,2,"Untreated",31.2,17
"69","EMMAOR_NCLIFFC1-08B_2017",2017,"EMMAOR","EMMAOR_CLIFFC1","U",1.25,"JUOC",26,"2017-05-25",2,41.6666666666667,15,0.166666666666667,"05","07",1.12299,8.5230904,256.70401,10.8544998,24.5233002,38.6917,28.8353996,28.8353996,5.8668199,104,37,67,16.7579002,0,0,0.898794046299167,145,5,0,3,"Untreated",31.2,52
"70","EMMAOR_NCLIFFC2-04A_2017",2017,"EMMAOR","EMMAOR_CLIFFC2","U",1.5,"JUOC",128,"2017-05-26",2,66.6666666666667,5,0.2,"05","07",0.651028,8.8437204,354.7430115,14.7630997,22.7045994,51.8040009,44.5292015,44.5292015,6.3068299,147,40,107,14.9497995,0,0,-0.615661475325658,146,3,0,2,"Untreated",30.8,54
"71","EMMAOR_NCLIFFC2-06A_2019",2019,"EMMAOR","EMMAOR_CLIFFC2","U",1.8,"PIPO",35,"2019-05-24",2,50,10,0.363636363636364,"05","07",0.401489,3.8817301,294.4200134,21.0785999,18.4512005,55.1188011,50.9533997,50.9533997,4.0187702,178,37,141,8.2814798,0,0,0.819152044288992,144,3,0,2,"Untreated",31.2,51
"72","EMMAOR_NCLIFFC2-07A_2015",2015,"EMMAOR","EMMAOR_CLIFFC2","U",1.9,"POTR5",286,"2015-05-25",2,41.6666666666667,7.5,0.8,"05","07",0.283846,0.882239,145.1950073,30.8743992,13.2297001,55.5587997,54.3560982,54.3560982,0.968026,164,21,143,4.0888901,0,0,0.275637355816999,145,5,2,3,"Untreated",31.4,50
"73","EMMAOR_NCLIFFC2-08A_2019",2019,"EMMAOR","EMMAOR_CLIFFC2","U",1.1,"JUOC",251,"2019-05-19",3,108.333333333333,10,0.764705882352941,"05","07",0.255205,0.737826,137.5169983,31.7686005,12.1443005,52.8013992,51.9213982,51.9213982,0.968026,163,17,146,3.57357,0,0,-0.325568154457157,139,5,0,3,"Untreated",31.4,51
"74","EMMAOR_NCLIFFC2-10A_2017",2017,"EMMAOR","EMMAOR_CLIFFC2","U",2.9,"PIPO",24,"2017-05-21",3,25,2.5,0.8,"05","07",1.44391,65.0108032,663.5059814,10.5855999,32.4729004,33.2355995,26.1954002,22.9393005,26.1954002,123,54,69,27.2726994,0,0,0.913545457642601,141,5,0,3,"Untreated",31.5,51
"75","EMMAOR_NCUBT1-10A_2016",2016,"EMMAOR","EMMAOR_CUBT1","B",1.5,"PIPO",196,"2016-05-29",0,91.6666666666667,2.5,1,"05","07",0.575217,4.2961202,254.3359985,40.260601,12.9363003,53.3293991,47.7266006,47.7266006,2.8747399,105,36,69,5.9032202,18.6271992,100,-0.961261695938319,150,4,4,4,"Treated",31.1,47
"76","EMMAOR_NCUBT2-02A_2016",2016,"EMMAOR","EMMAOR_CUBT2","H",2.5,"PIPO",122,"2016-06-06",0,100,10,0.5625,"06","07",2.22686,25.2933006,321.8429871,16.0660992,25.4032993,25.3740005,13.7869997,7.06952,13.7869997,120,85,35,34.6300011,40.3931007,74.7139969,-0.529919264233205,158,5,2,2,"Treated",31.4,18
"77","EMMAOR_NCUBT2-02A_2021",2021,"EMMAOR","EMMAOR_CUBT2","HB",0.95,"PIPO",14,"2021-05-19",3,58.3333333333333,27.5,0.888888888888889,"05","07",1.74857,17.6028996,301.1149902,18.573,19.9472008,23.1445999,9.9442701,7.06952,9.9442701,134,99,35,19.6896992,43.1212006,58.7855988,0.970295726275996,139,8,1,4,"Treated",31.5,46
"78","EMMAOR_NCUBT2-03A_2015",2015,"EMMAOR","EMMAOR_CUBT2","B",1.7,"PIPO",210,NA,0,66.6666666666667,0,0.75,NA,"07",1.9,24.8211002,347.32901,15.7995996,27.8673992,30.5955009,14.3444004,6.8348498,14.3444004,135,90,45,39.5592995,41.4491005,80.5221024,-0.866025403784439,NA,2,2,2,"Treated",NA,NA
"79","EMMAOR_NCUBT2-08A_2019",2019,"EMMAOR","EMMAOR_CUBT2","HB",2.2,"PIPO",148,"2019-05-24",2,16.6666666666667,7.5,1,"05","07",1.07143,7.90416,252.5319977,21.6002998,22.0006008,44.8518982,33.2061996,33.2061996,5.72015,127,64,63,13.5251999,39.0437012,93.575798,-0.848048096156426,144,5,0,3,"Treated",31.2,47
"80","EMMAOR_NCUBT2-10A_2015",2015,"EMMAOR","EMMAOR_CUBT2","B",3.5,"PIPO",90,NA,0,75,0,1,NA,"07",0.839077,6.7678199,265.8160095,29.0720997,17.7765007,52.1267014,44.8224983,44.8224983,5.1334701,109,44,65,8.6726599,11.9682999,77.618103,6.12303176911189e-17,NA,3,0,2,"Treated",NA,NA
"81","EMMAOR_NCUBT2-10A_2016",2016,"EMMAOR","EMMAOR_CUBT2","B",1.5,"PIPO",70,"2016-06-07",0,8.33333333333333,5,0.666666666666667,"06","07",0.915517,9.6004105,307.9989929,29.5515995,17.3071003,52.3027,45.7612,45.7612,6.4828401,100,42,58,12.1884003,3.1094201,68.4952011,0.342020143325669,159,4,1,2,"Treated",31,18
"82","EMMAOR_NCUBT2-10A_2017",2017,"EMMAOR","EMMAOR_CUBT2","HB",1.7,"PIPO",145,"2017-05-27",2,91.6666666666667,7.5,1,"05","07",1.0703599,8.9902697,272.0169983,25.0401993,19.5365009,49.5746994,39.3664017,39.3664017,6.4535098,103,47,56,12.2763996,37.5182991,67.1751022,-0.819152044288992,147,3,0,2,"Treated",31.2,47
"83","EMMAOR_NCUBT2-10A_2021",2021,"EMMAOR","EMMAOR_CUBT2","HB",2.55,"PIPO",160,"2021-05-24",3,16.6666666666667,7.5,1,"05","07",1.10782,9.1344004,269.1730042,24.0918007,19.8591995,48.6360016,35.8170013,35.8170013,6.4828401,102,47,55,13.5166998,38.3983994,79.5248032,-0.939692620785908,144,4,4,3,"Treated",31.2,47
"84","EMMAOR_NDUGC1-01A_2015",2015,"EMMAOR","EMMAOR_DUGC1","U",1.5,"JUOC",55,"2015-05-26",4,58.3333333333333,5,0,"05","07",5.9793701,157.3560028,503.1539917,48.7545013,62.3642998,12.1737003,56.5267982,4.6347899,56.5267982,64,32,32,292.3280029,0,0,0.573576436351046,146,4,4,4,"Untreated",30.5,62
"85","EMMAOR_NDUGC1-01A_2016",2016,"EMMAOR","EMMAOR_DUGC1","U",2.7,"JUOC",258,"2016-05-22",3,41.6666666666667,10,0.1,"05","07",5.9793701,157.3560028,503.1539917,48.7545013,62.3642998,12.1737003,56.5267982,4.6347899,56.5267982,64,32,32,292.3280029,0,0,-0.20791169081776,143,4,4,3,"Untreated",30.5,62
"86","EMMAOR_NDUGC1-01A_2017",2017,"EMMAOR","EMMAOR_DUGC1","U",1.8,"JUOC",33,"2017-05-18",2,41.6666666666667,15,0,"05","07",4.2214298,139.5970001,566.2919922,46.8091011,57.7882004,12.3203001,51.2467003,4.6347899,51.2467003,75,33,42,205.9199982,0,0,0.838670567945424,138,7,0,4,"Untreated",30.6,62
"87","EMMAOR_NDUGC1-05A_2017",2017,"EMMAOR","EMMAOR_DUGC1","U",2.4,"JUOC",238,"2017-05-27",3,50,5,0,"05","07",23.4810009,228.7389984,295.6589966,46.0049019,76.5326996,15.8697996,75.5353012,2.5520699,75.5353012,60,50,10,240.9889984,6.8348498,6.9521899,-0.529919264233205,147,5,0,3,"Untreated",29.9,65
"88","EMMAOR_NDUGC1-06A_2017",2017,"EMMAOR","Incidental","U",2.75,"JUOC",72,"2017-05-19",0,83.3333333333333,30,0.826086956521739,"05","06",1.48957,16.1734009,313.9710083,16.4123001,33.4995995,23.4965992,8.9175701,7.12819,8.9175701,145,76,69,43.1847,7.9202099,8.3308897,0.309016994374947,139,4,4,3,"Untreated",26.2,51
"89","EMMAOR_NDUGC1-06B_2017",2017,"EMMAOR","Incidental","HB",2.5,"PIPO",302,"2017-05-19",3,0,7.5,1,"05","07",1.46893,33.5612984,467.4129944,19.9724007,26.8113995,52.4201012,45.4972,45.4972,16.8083992,105,49,56,29.2192993,51.7159996,52.1561012,0.529919264233205,139,5,0,3,"Treated",30.7,63
"90","EMMAOR_NDUGC1-10A_2016",2016,"EMMAOR","EMMAOR_DUGC1","U",1.3,"JUOC",58,"2016-06-11",3,8.33333333333333,7.5,0.2,"06","07",8.3618202,131.1869965,383.2600098,24.7199001,59.9589005,29.1874008,50.2492981,19.2724991,50.2492981,67,45,22,85.0100021,0.234673,0.352009,0.529919264233205,163,5,0,3,"Untreated",30,22
"91","EMMAOR_NELKT1-05A_2015",2015,"EMMAOR","EMMAOR_ELKT1","U",1.4,"PIPO",152,"2015-05-28",4,100,12.5,0.5,"05","07",9.4131804,196.4459991,445.7489929,28.7222004,67.4978027,25.843399,65.7378006,10.4722996,65.7378006,71,49,22,229.2100067,0,0,-0.882947592858927,148,7,1,4,"Untreated",30,63
"92","EMMAOR_NELKT2-01A_2021",2021,"EMMAOR","EMMAOR_ELKT2","H",3,"POTR5",76,NA,0,33.3333333333333,0,0,NA,"07",2.3949201,82.2334976,577.3800049,10.0077,46.0545998,33.9101982,34.9956017,14.2856998,34.9956017,129,70,59,102.8639984,68.0550995,49.5159988,0.241921895599668,NA,4,4,0,"Treated",NA,NA
"93","EMMAOR_NELKT2-02A_2015",2015,"EMMAOR","EMMAOR_ELKT2","U",5.6,"PIPO",100,"2015-05-31",2,50,2.5,1,"05","07",2.391,79.5196991,567.9609985,10.6805,46.7585983,39.4543991,34.6142998,29.2460995,34.6142998,108,48,60,80.3022995,0,0,-0.17364817766693,151,3,0,2,"Untreated",30.5,62
"94","EMMAOR_NELKT2-02A_2021",2021,"EMMAOR","EMMAOR_ELKT2","HB",1.6,"PIPO",224,"2021-05-28",3,33.3333333333333,2.5,1,"05","07",1.7945499,59.0850983,565.0209961,11.5177002,38.6036987,46.0839005,37.1957016,37.1957016,27.1341,111,45,66,41.4458008,49.4572983,46.2011986,-0.719339800338651,148,7,0,4,"Treated",30.5,62
"95","EMMAOR_NELKT2-04A_2016",2016,"EMMAOR","Incidental","HB",0.7,"PIPO",207,"2016-05-27",3,25,27.5,1,"05","07",0.411176,3.0306399,252.4019928,35.2736015,13.6696997,61.0443001,55.793499,55.793499,2.4054,124,22,102,5.3024402,72.2499008,71.8979034,-0.891006524188368,148,5,0,3,"Treated",30.5,60
"96","EMMAOR_NELKT2-04A_2017",2017,"EMMAOR","Incidental","HB",0.7,"PIPO",207,"2017-05-21",3,25,27.5,1,"05","07",0.411176,3.0306399,252.4019928,35.2736015,13.6696997,61.0443001,55.793499,55.793499,2.4054,124,22,102,5.3024402,72.2499008,87.4742966,-0.891006524188368,141,8,2,4,"Treated",30.5,60
"97","EMMAOR_NELKT2-05A_2019",2019,"EMMAOR","EMMAOR_ELKT2","H",1.1,"PIPO",49,"2019-05-25",3,25,10,1,"05","07",0.640263,4.1849399,235.2929993,18.6474991,23.7900009,57.5242004,56.0281982,56.0281982,4.0774398,134,20,114,10.1562004,55.4415016,0,0.656059028990507,145,5,0,3,"Treated",30.8,60
"98","EMMAOR_NELKT2-06A_2015",2015,"EMMAOR","EMMAOR_ELKT2","U",2.2,"JUOC",30,"2015-05-23",3,83.3333333333333,5,0.75,"05","07",0.653058,2.88923,185.0449982,15.9097996,25.7553997,57.4948997,56.3801994,56.3801994,2.2880599,134,13,121,10.1653996,0,0,0.866025403784439,143,5,0,3,"Untreated",31.1,58
"99","EMMAOR_NELKT2-07A_2021",2021,"EMMAOR","EMMAOR_ELKT2","HB",1.3,"POTR5",110,"2021-05-28",2,8.33333333333333,2.5,0.5,"05","07",0.517105,2.8685999,213.246994,26.3602009,19.2138004,62.3936996,61.7775993,61.7775993,3.1387501,129,15,114,7.0904002,50.3372993,48.1959991,-0.342020143325669,148,3,0,2,"Treated",31.2,58
"100","EMMAOR_NELKT2-10A_2019",2019,"EMMAOR","EMMAOR_ELKT2","H",3,"POTR5",277,"2019-05-29",2,25,0,0,"05","07",1.09719,17.4246006,385.7600098,11.7405996,31.8274994,45.9371986,35.6408997,35.6408997,9.5042496,128,39,89,35.8666992,21.3845997,0,0.121869343405148,149,4,1,2,"Treated",31.3,57
"101","EMMAOR_NELKT3-01A_2017",2017,"EMMAOR","EMMAOR_ELKT3","HB",7.7,"PIPO",230,"2017-05-26",3,58.3333333333333,35,0.714285714285714,"05","07",2.2437899,40.3983002,412.3649902,11.6908998,42.417099,39.6596985,27.0753994,27.0753994,17.4831009,107,49,58,68.6768036,22.1473007,41.0970993,-0.642787609686539,146,5,0,3,"Treated",30.3,60
"102","EMMAOR_NELKT3-03A_2019",2019,"EMMAOR","EMMAOR_ELKT3","B",2.3,"PIPO",281,"2019-06-08",0,116.666666666667,25,0.541666666666667,"06","07",1.12846,24.1406994,451.5820007,9.0253401,33.4701996,32.8249016,19.4484997,19.4484997,15.1950998,157,66,91,41.3476982,15.0776997,55.9402008,0.190808995376545,159,7,3,4,"Treated",30.3,19
"103","EMMAOR_NELKT3-08A_2021",2021,"EMMAOR","EMMAOR_ELKT3","H",2.8,"PIPO",75,"2021-06-08",0,0,47.5,0.894736842105263,"06","07",3.8225,84.2511978,458.7030029,27.5021,44.8518982,17.1310997,34.9369011,3.75477,34.9369011,98,62,36,111.9869995,68.2312012,7.8028698,0.258819045102521,159,6,2,3,"Treated",30.5,18
"104","EMMAOR_NFLAGC1-02A_2015",2015,"EMMAOR","EMMAOR_FLAGC1","U",1.8,"PIPO",200,"2015-05-30",3,66.6666666666667,20,0.4375,"05","07",7.98136,112.1019974,361.1860046,25.9759007,57.2308998,28.2488003,45.1451988,21.1205997,45.1451988,60,38,22,101.6669998,0,0,-0.939692620785908,150,5,0,3,"Untreated",30.3,63
"105","EMMAOR_NFLAGC1-05A_2015",2015,"EMMAOR","EMMAOR_FLAGC1","U",4,"JUOC",145,"2015-06-07",0,41.6666666666667,7.5,0.3,"06","07",9.3109102,179.1139984,427.0480042,33.6544991,66.7645035,25.3446999,62.3936996,17.8645,62.3936996,54,32,22,159.6390076,0,0,-0.819152044288992,158,3,3,0,"Untreated",30.2,21
"106","EMMAOR_NFLAGC1-05A_2019",2019,"EMMAOR","EMMAOR_FLAGC1","U",3.4,"JUOC",9,"2019-05-30",3,16.6666666666667,10,0.125,"05","07",9.6814299,176.2160034,414.7470093,35.1188011,66.2658005,23.6432991,61.6310005,18.4218006,61.6310005,54,33,21,158.0690002,0.205339,0,0.987688340595138,150,7,2,4,"Untreated",30.2,63
"107","EMMAOR_NFLAGC1-06A_2016",2016,"EMMAOR","EMMAOR_FLAGC1","U",1.7,"JUOC",104,"2016-06-04",4,25,17.5,0.2,"06","07",14.1300001,213.5390015,375.6650085,44.4337997,73.6873016,18.6858006,71.604599,13.2883997,71.604599,46,30,16,281.6789856,0,0,-0.241921895599668,156,7,0,4,"Untreated",30.3,21
"108","EMMAOR_NFLAGC1-06A_2017",2017,"EMMAOR","EMMAOR_FLAGC1","U",4.2,"JUOC",340,"2017-05-25",3,58.3333333333333,20,0.4,"05","07",14.0230999,210.9589996,374.7479858,43.5993004,73.1299973,19.0965004,70.9005966,14.1683998,70.9005966,46,30,16,271.4779968,0,0,0.939692620785908,145,5,0,3,"Untreated",30.2,63
"109","EMMAOR_NFLAGC1-08A_2015",2015,"EMMAOR","EMMAOR_FLAGC1","U",9,"PIPO",224,"2015-05-24",3,33.3333333333333,22.5,0.846153846153846,"05","07",4.3460498,111.4540024,496.4349976,19.8724995,53.8280983,38.9556999,44.0891991,23.4085999,44.0891991,62,24,38,80.8339996,0,0,-0.719339800338651,144,5,5,3,"Untreated",30.3,63
"110","EMMAOR_NFLAGC2-03A_2019",2019,"EMMAOR","EMMAOR_FLAGC2","B",6,"PIPO",262,"2019-06-05",2,75,10,0.307692307692308,"06","07",0.876122,9.17377,307.7479858,43.3762016,13.9924002,72.9245987,72.0152969,72.0152969,4.6641202,66,17,49,8.0546703,82.0475006,77.7940979,-0.139173100960066,156,3,0,2,"Treated",31,22
"111","EMMAOR_NFLAGC2-10A_2019",2019,"EMMAOR","EMMAOR_FLAGC2","HB",7.5,"PIPO",283,"2019-05-27",3,50,20,0.785714285714286,"05","07",0.293684,0.763548,126.4869995,64.5207977,5.4561501,67.2338028,63.7723999,63.7723999,0.616016,74,17,57,1.5731,85.4208984,85.4208984,0.224951054343865,147,5,0,3,"Treated",31.8,57
"112","EMMAOR_NMDC1-07A_2017",2017,"EMMAOR","EMMAOR_MDC1","U",2.8,"PIPO",230,"2017-05-21",4,83.3333333333333,7.5,1,"05","07",1.18603,23.1865005,430.6940002,9.1416502,28.2194004,39.6596985,28.4834003,28.4834003,12.467,156,83,73,39.5854988,0,0,-0.642787609686539,141,7,0,4,"Untreated",31,49
"113","EMMAOR_NMDC2-04A_2019",2019,"EMMAOR","EMMAOR_MDC2","U",2.2,"POTR5",182,"2019-06-01",4,16.6666666666667,22.5,0.833333333333333,"06","07",3.11625,26.5653,274.3129883,17.9540005,32.5022011,49.5452995,45.1158981,45.1158981,13.7869997,64,32,32,56.0203018,0,0,-0.999390827019096,152,7,0,4,"Untreated",29.3,23
"114","EMMAOR_NPAWT1-01A_2019",2019,"EMMAOR","Incidental","B",2,"PIPO",291,"2019-05-30",0,58.3333333333333,30,1,"05","07",0.252,0.398571,76.264801,81.1179962,1.23203,42.3291016,25.0806999,25.0806999,0.264007,38,23,15,0.962029,0,98.9732971,0.3583679495453,150,4,1,2,"Treated",31.3,47
"115","EMMAOR_NPAWT1-03A_2016",2016,"EMMAOR","EMMAOR_PAWT1","U",1.2,"PIPO",58,"2016-06-03",2,33.3333333333333,10,1,"06","07",3.2850001,152.4629974,673.8839722,18.1711998,55.6762009,33.9688988,52.5960999,22.9979,52.5960999,103,51,52,217.8650055,23.2033005,8.0082102,0.529919264233205,155,4,4,2,"Untreated",31.1,17
"116","EMMAOR_NPAWT1-03A_2017",2017,"EMMAOR","EMMAOR_PAWT1","H",4.9,"PIPO",155,"2017-05-28",2,8.33333333333333,10,1,"05","07",5.1300001,104.5749969,440.2839966,24.3237,36.7849998,52.0387001,43.1505013,43.1505013,35.4062996,56,34,22,125.836998,41.8011017,3.5494299,-0.90630778703665,148,5,0,3,"Treated",31.1,46
"117","EMMAOR_NPAWT1-03A_2019",2019,"EMMAOR","EMMAOR_PAWT1","H",1,"PIPO",53,"2019-05-17",3,0,5,1,"05","07",4.9147801,105.1009979,451.4930115,24.1599007,36.8437004,52.7134018,43.3558006,43.3558006,35.5236015,54,31,23,134.7689972,40.2756996,20.4752007,0.601815023152048,137,5,5,3,"Treated",31.1,46
"118","EMMAOR_NPAWT1-03A_2021",2021,"EMMAOR","EMMAOR_PAWT1","H",1.15,"PIPO",50,"2021-05-28",3,108.333333333333,2.5,1,"05","07",4.82727,97.9263,439.1589966,26.0562992,34.6142998,54.7667999,47.1986008,47.1986008,33.2355995,52,30,22,115.0879974,46.0251999,21.7071991,0.642787609686539,148,5,5,3,"Treated",31.1,46
"119","EMMAOR_NPAWT1-04A_2015",2015,"EMMAOR","EMMAOR_PAWT1","U",3.2,"PIPO",259,"2015-06-10",0,25,37.5,1,"06","07",2.03918,123.2870026,771.098999,14.6253996,48.5186005,40.0704002,44.1478004,34.7902985,44.1478004,120,47,73,124.6470032,7.6855402,1.23203,-0.190808995376545,161,4,4,2,"Untreated",31.1,17
"120","EMMAOR_NPAWT1-05A_2015",2015,"EMMAOR","EMMAOR_PAWT1","U",0.7,"PIPO",65,"2015-06-01",4,83.3333333333333,0,0.833333333333333,"06","07",0.518067,18.2812996,585.5549927,22.1138992,20.0939007,53.1828003,46.1132011,46.1132011,10.8535995,146,27,119,14.5500002,5.72015,6.1308298,0.422618261740699,152,7,0,4,"Untreated",31.2,17
"121","EMMAOR_NPAWT1-05A_2019",2019,"EMMAOR","EMMAOR_PAWT1","HB",1.8,"PIPO",188,"2019-05-25",2,66.6666666666667,10,1,"05","07",0.958064,16.4955997,402.7120056,57.0071983,9.6802597,62.7457008,60.5456009,60.5456009,7.1575198,46,15,31,5.03441,63.1856995,31.3875008,-0.99026806874157,145,3,0,2,"Treated",31.2,46
"122","EMMAOR_NPAWT1-05A_2021",2021,"EMMAOR","EMMAOR_PAWT1","H",2.9,"PIPO",235,"2021-05-25",3,41.6666666666667,10,1,"05","07",1.11724,21.2935009,424.9590149,58.6519012,10.5602999,68.524498,67.3510971,67.3510971,8.5362301,46,17,29,2.3403101,70.1965027,35.8755989,-0.573576436351046,145,5,0,3,"Treated",31.2,46
"123","EMMAOR_NPAWT1-07A_2015",2015,"EMMAOR","EMMAOR_PAWT1","U",2,"PIPO",12,NA,0,50,7.5,1,NA,"07",0.284276,1.1252,171.9920044,31.4999008,13.4350004,59.4015999,57.1428986,57.1428986,1.4373699,162,17,145,4.0563598,22.2059002,0.293341,0.978147600733806,NA,5,0,3,"Untreated",NA,NA
"124","EMMAOR_NPAWT1-08A_2015",2015,"EMMAOR","EMMAOR_PAWT1","U",1.5,"PIPO",178,"2015-06-01",3,16.6666666666667,65,0.928571428571429,"06","07",1.04128,40.7341995,617.4089966,13.6162004,29.1874008,54.4147987,52.2733994,52.2733994,19.5365009,113,27,86,34.9557991,27.9554005,1.3787,-0.999390827019096,152,4,4,3,"Untreated",31.1,17
"125","EMMAOR_NPAWT1-08A_2021",2021,"EMMAOR","EMMAOR_PAWT1","U",5,"JUOC",51,"2021-06-04",4,158.333333333333,12.5,0.125,"06","07",1.47706,47.2719002,556.8129883,11.1801004,32.7369003,51.3054008,43.8544998,43.8544998,22.2646008,89,21,68,67.3295975,35.9636002,34.2328987,0.629320391049838,155,7,0,4,"Untreated",30.8,17
"126","EMMAOR_NPAWT1-09A_2019",2019,"EMMAOR","EMMAOR_PAWT1","HB",5.4,"PIPO",48,"2019-05-17",2,58.3333333333333,7.5,0.9,"05","07",0.562075,12.2479,455.9660034,54.8325996,9.70959,71.6339035,70.7246017,70.7246017,6.1894999,71,18,53,5.4827299,62.7750015,38.5744019,0.669130606358858,137,5,0,3,"Treated",31.2,46
"127","EMMAOR_NPRONGC1-01A_2019",2019,"EMMAOR","Incidental","B",1.7,"PIPO",283,"2019-05-20",3,16.6666666666667,12.5,1,"05","07",0.514737,1.9236799,165.4450073,45.5554008,9.5629196,56.1748009,54.4147987,54.4147987,1.4373699,80,23,57,5.41575,0,95.3651962,0.224951054343865,140,5,0,3,"Treated",31.3,47
"128","EMMAOR_NPRONGC2-08A_2019",2019,"EMMAOR","EMMAOR_PRONGC2","B",2.4,"PIPO",232,"2019-06-01",0,75,10,0.769230769230769,"06","07",1.88308,36.634201,429.5859985,26.3316994,23.9365997,45.9958992,41.1557999,41.1557999,16.5151005,93,54,39,38.9754982,6.42417,68.4952011,-0.615661475325658,152,3,3,2,"Treated",30.9,18
"129","EMMAOR_NRATT1-03A_2017",2017,"EMMAOR","EMMAOR_RATT1","U",1.9,"JUOC",274,"2017-05-30",3,75,37.5,0.0833333333333333,"05","07",3.6900001,49.4729004,352.2399902,13.7931995,39.6890984,43.1212006,33.4408989,33.4408989,23.6140003,70,37,33,74.7591019,2.4640701,0,0.0697564737441252,150,5,0,3,"Untreated",30.6,50
"130","EMMAOR_NRATT1-07A_2016",2016,"EMMAOR","EMMAOR_RATT1","U",1.8,"JUOC",356,"2016-05-27",3,108.333333333333,2.5,0.357142857142857,"05","07",3.2423699,30.0426006,287.5,13.2985001,40.1584015,46.0251999,40.9798012,40.9798012,16.7497997,79,41,38,49.5295982,5.33881,0.968026,0.997564050259824,148,5,0,3,"Untreated",31,50
"131","EMMAOR_NRATT1-10A_2015",2015,"EMMAOR","EMMAOR_RATT1","U",2,"JUOC",232,NA,0,75,25,0.0526315789473684,NA,"07",4.2670598,108.8639984,495.1029968,13.9039001,47.2865982,41.4197998,40.8917999,28.9234009,40.8917999,79,45,34,136.7059937,0.146671,0.146671,-0.615661475325658,NA,6,1,3,"Untreated",NA,NA
"132","EMMAOR_NRATT1-10A_2016",2016,"EMMAOR","EMMAOR_RATT1","U",1.5,"JUOC",109,"2016-05-27",2,108.333333333333,27.5,0.0416666666666667,"05","07",5.046,129.8370056,497.2980042,14.4579,49.3400002,39.8944016,45.6731987,23.7019997,45.6731987,77,47,30,182.6230011,0.616016,0.616016,-0.325568154457157,148,5,2,2,"Untreated",30.9,50
"133","EMMAOR_NRATT1-10A_2017",2017,"EMMAOR","EMMAOR_RATT1","U",2,"JUOC",232,"2017-05-26",1,75,25,0.0526315789473684,"05","07",4.2670598,108.8639984,495.1029968,13.9039001,47.2865982,41.4197998,40.8917999,28.9234009,40.8917999,79,45,34,136.7059937,0.146671,0.146671,-0.615661475325658,146,4,4,1,"Untreated",30.9,50
"134","EMMAOR_NRATT2-10A_2017",2017,"EMMAOR","EMMAOR_RATT2","U",3.7,"JUOC",350,"2017-05-27",3,41.6666666666667,27.5,0.6875,"05","07",9.3690004,162.7429962,404.6029968,19.7719994,61.0736008,28.2780991,56.8787994,5.72015,56.8787994,88,68,20,297.8819885,0,0,0.984807753012208,147,5,0,3,"Untreated",31.2,48
"135","EMMAOR_NRATT2-10A_2019",2019,"EMMAOR","EMMAOR_RATT2","U",1.9,"PIPO",135,"2019-05-30",0,75,5,0.545454545454545,"05","07",10.6306,152.7389984,365.6199951,20.0345993,58.9029007,27.6620998,54.0920982,7.06952,54.0920982,79,62,17,289.6600037,0,0,-0.707106781186547,150,4,4,4,"Untreated",31.2,48
"136","EMMAOR_NSAGEC1-08A_2019",2019,"EMMAOR","EMMAOR_SAGEC1","U",1.5,"PIPO",92,"2019-06-06",3,41.6666666666667,12.5,0.833333333333333,"06","07",1.038,38.1124001,597.6389771,17.2492008,25.3740005,42.4757996,24.3766003,24.3766003,17.6884995,117,42,75,19.4850006,41.7131004,41.7131004,-0.034899496702501,157,5,0,3,"Untreated",32.4,18
"137","EMMAOR_NSAGEC1-09A_2015",2015,"EMMAOR","EMMAOR_SAGEC1","U",1.1,"JUOC",18,"2015-05-29",0,50,17.5,0.769230769230769,"05","07",3.3699999,100.7639999,537.5889893,15.4568996,39.5424004,48.0199013,43.2092018,43.2092018,36.0223007,81,45,36,57.6329994,21.7071991,21.7071991,0.951056516295154,149,5,5,2,"Untreated",32.2,43
"138","EMMAOR_NSAGEC1-09A_2019",2019,"EMMAOR","EMMAOR_SAGEC1","U",1.3,"JUOC",9,"2019-05-18",3,16.6666666666667,7.5,0,"05","07",4.6893101,108.064003,469.5180054,13.7470999,44.3237991,44.7639008,39.4543991,20.6219006,39.4543991,90,61,29,95.8572006,22.6753006,22.6753006,0.987688340595138,138,5,0,3,"Untreated",32.2,43
"139","EMMAOR_NSAGEC1-10A_2015",2015,"EMMAOR","EMMAOR_SAGEC1","H",0.8,"PIPO",101,"2015-05-28",0,0,35,1,"05","07",2.4696,47.9818001,429.2900085,31.4356995,20.1231995,43.9718018,35.3182983,35.3182983,17.7178001,58,33,25,13.5450001,37.0489998,19.7712002,-0.190808995376545,148,5,5,4,"Treated",32.4,42
"140","EMMAOR_NSAGEC1-10A_2019",2019,"EMMAOR","EMMAOR_SAGEC1","U",0.9,"JUOC",75,"2019-05-20",2,91.6666666666667,10,0.666666666666667,"05","07",3.9445701,117.0510025,535.4810181,15.6667004,44.9985008,40.6571007,41.4197998,26.7819996,41.4197998,89,54,35,72.7930984,28.8353996,28.8353996,0.258819045102521,140,3,0,2,"Untreated",32.3,43
"141","EMMAOR_NSAGEC1-10B_2015",2015,"EMMAOR","EMMAOR_SAGEC1","U",3.35,"JUOC",0,"2015-05-25",1,75,15,0.0666666666666667,"05","07",4.4767699,116.9469986,501.230011,15.6639996,45.2332001,33.9981995,41.5078011,24.1420002,41.5078011,91,60,31,98.1119003,28.4540997,28.2488003,1,145,2,0,1,"Untreated",32.3,43
"142","EMMAOR_NUPCA1-04A_2016",2016,"EMMAOR","EMMAOR_UPCA1","U",12.5,"PIPO",127,"2016-05-27",3,58.3333333333333,12.5,0.846153846153846,"05","07",5.2827301,151.5279999,526.1530151,22.8894005,56.8202019,23.4085999,52.948101,9.82693,52.948101,123,90,33,187.227005,0,0,-0.601815023152048,148,5,0,3,"Untreated",31.6,45
"143","EMMAOR_NUPCA1-04A_2017",2017,"EMMAOR","EMMAOR_UPCA1","U",1.7,"JUOC",222,"2017-05-23",3,33.3333333333333,22.5,0.230769230769231,"05","07",5.5574999,156.6490021,521.4110107,25.1679993,57.9641991,22.8806,54.3853989,9.5042496,54.3853989,110,78,32,186.4329987,0,0,-0.743144825477394,143,5,0,3,"Untreated",31.6,45
"144","EMMAOR_NUPCA1-05A_2017",2017,"EMMAOR","EMMAOR_UPCA1","U",8.6,"PIPO",324,"2017-05-22",3,0,10,0.666666666666667,"05","07",3.4102199,124,594.6530151,17.3805008,51.1293983,25.843399,45.4091988,12.1737003,45.4091988,140,94,46,124.6539993,0,0,0.809016994374947,142,4,4,3,"Untreated",31.6,45
"145","EMMAOR_NUPCA1-08A_2017",2017,"EMMAOR","EMMAOR_UPCA1","U",2.1,"PIPO",144,"2017-05-22",3,41.6666666666667,20,1,"05","07",8.0955,140.6609955,404.6629944,15.5065002,52.7720985,27.9846992,49.1640015,11.5283003,49.1640015,113,93,20,200.4530029,0,0,-0.809016994374947,142,4,4,3,"Untreated",32,45
"146","EMMAOR_NUPCB1-04A_2017",2017,"EMMAOR","EMMAOR_UPCB1","U",2.2,"PIPO",352,"2017-05-24",2,25,25,1,"05","07",1.0701801,25.5223007,478.0020142,14.8276997,19.1844997,36.9609985,26.8994007,26.8994007,12.467,115,60,55,28.2154999,0,0,0.99026806874157,144,4,4,3,"Untreated",31.3,44
"147","EMMAOR_NUPCB1-07A_2017",2017,"EMMAOR","EMMAOR_UPCB1","U",2.9,"JUOC",226,"2017-06-01",2,58.3333333333333,12.5,0,"06","07",1.77545,43.2905998,483.5580139,15.7058001,25.4619999,40.0997009,29.8034992,29.8034992,18.8617992,73,29,44,43.4864998,0,0,-0.694658370458997,152,3,3,2,"Untreated",31.1,18
"148","EMMAOR_NUPCB1-07A_2019",2019,"EMMAOR","EMMAOR_UPCB1","U",2.9,"JUOC",226,"2019-05-30",3,58.3333333333333,12.5,0,"05","07",1.77545,43.2905998,483.5580139,15.7058001,25.4619999,40.0997009,29.8034992,29.8034992,18.8617992,73,29,44,43.4864998,0,0,-0.694658370458997,150,5,0,3,"Untreated",31.1,46
"149","EMMAOR_NWOLFC1-01A_2017",2017,"EMMAOR","EMMAOR_WOLFC1","U",1.75,"JUOC",160,"2017-05-25",3,91.6666666666667,5,0.538461538461538,"05","07",0.973448,28.5303993,532.0579834,10.3900995,27.6033993,35.0542984,15.4590998,13.875,15.4590998,155,68,87,42.4832001,0,0,-0.939692620785908,145,5,0,3,"Untreated",30.7,50
"150","EMMAOR_NWOLFC1-01A_2019",2019,"EMMAOR","EMMAOR_WOLFC1","U",3.2,"PIPO",154,"2019-05-22",3,41.6666666666667,5,0.125,"05","07",0.998276,28.1140003,521.177002,10.6569996,28.3073997,34.8782997,25.5499992,25.5499992,15.4590998,153,66,87,43.0797997,0,0,-0.898794046299167,142,7,7,3,"Untreated",30.7,50
"151","EMMAOR_NWOLFC1-03A_2015",2015,"EMMAOR","EMMAOR_WOLFC1","U",5.1,"JUOC",266,"2015-05-28",3,33.3333333333333,17.5,0.181818181818182,"05","07",0.481818,8.7551298,414.3789978,11.2033997,15.5471001,30.0088005,23.4673004,23.4673004,5.2801399,153,54,99,12.3739004,0,0,-0.0697564737441256,148,6,4,3,"Untreated",31.1,48
"152","EMMAOR_NWOLFC1-03A_2016",2016,"EMMAOR","EMMAOR_WOLFC1","U",5.1,"PIPO",162,"2016-05-28",3,33.3333333333333,22.5,0.714285714285714,"05","07",0.879775,28.7978992,563.322998,8.8896399,25.5207005,30.5660992,22.9393005,22.9393005,14.8724003,157,68,89,36.493,0,0,-0.951056516295154,149,5,0,3,"Untreated",30.9,49
"153","EMMAOR_NWOLFC1-03A_2019",2019,"EMMAOR","EMMAOR_WOLFC1","U",2.4,"PIPO",111,"2019-05-28",4,50,0,0.571428571428571,"05","07",0.80234,30.4080009,607.4459839,9.2994604,24.5820007,31.3582001,25.2567005,25.2567005,15.1070995,158,64,94,39.1517982,0,0,-0.3583679495453,148,7,0,4,"Untreated",31,49
"154","EMMAOR_NWOLFC1-07A_2015",2015,"EMMAOR","EMMAOR_WOLFC1","U",3.1,"JUOC",295,"2015-05-25",3,0,5,0,"05","07",0.772597,11.7553997,377.0339966,16.7716999,19.3899002,41.9477997,26.6646996,26.6646996,7.4801998,138,61,77,10.4024,0,0,0.4226182617407,145,4,4,3,"Untreated",30.7,50
"155","EMMAOR_NWOLFC1-07A_2017",2017,"EMMAOR","EMMAOR_WOLFC1","U",3.1,"JUOC",295,"2017-05-18",1,0,5,0,"05","07",0.772597,11.7553997,377.0339966,16.7716999,19.3899002,41.9477997,26.6646996,26.6646996,7.4801998,138,61,77,10.4024,0,0,0.4226182617407,138,4,1,2,"Untreated",30.7,50
"156","EMMAOR_NWOLFC1-08A_2019",2019,"EMMAOR","EMMAOR_WOLFC1","U",3.5,"JUOC",40,"2019-05-17",0,75,25,0.263157894736842,"05","06",0.567108,7.7663298,356.2950134,23.5477009,15.3416996,44.7345009,29.3048,29.3048,5.72015,131,48,83,6.8281598,0,0,0.766044443118978,137,5,0,3,"Untreated",25.2,45
"157","EMMAOR_NWOLFC2-01A_2017",2017,"EMMAOR","EMMAOR_WOLFC2","U",3,"JUOC",106,"2017-05-23",3,66.6666666666667,2.5,0.444444444444444,"05","07",1.5189199,69.3992004,668.5040283,15.8332996,32.1795006,33.2061996,26.9580994,9.6215897,26.9580994,128,63,65,43.8353004,0,0,-0.275637355816999,143,5,0,3,"Untreated",30.4,53
"158","EMMAOR_NWOLFC2-03A_2016",2016,"EMMAOR","EMMAOR_WOLFC2","U",1.5,"JUOC",99,"2016-05-30",1,66.6666666666667,15,0.133333333333333,"05","07",1.0666699,22.0643997,443.6820068,14.2631998,28.1608009,37.283699,13.2589998,9.70959,13.2589998,147,66,81,16.0261993,0,0,-0.156434465040231,151,2,0,1,"Untreated",31.1,50
"159","EMMAOR_NWOLFC2-08A_2017",2017,"EMMAOR","EMMAOR_WOLFC2","U",4.1,"JUOC",330,"2017-05-21",1,25,12.5,0,"05","07",0.738659,3.4549,191.7619934,17.6772003,19.7418995,45.9371986,41.6837997,41.6837997,2.4347301,122,40,82,10.5255003,3.75477,0,0.866025403784438,141,2,0,1,"Untreated",31,51
"160","EMMAOR_NWOLFC2-09A_2015",2015,"EMMAOR","EMMAOR_WOLFC2","U",1.8,"JUOC",251,"2015-06-01",3,25,25,0.285714285714286,"06","07",0.816164,3.52931,182.3249969,17.8619995,19.4192009,45.6146011,38.1049995,38.1049995,2.4934001,111,38,73,10.8727999,0,0,-0.325568154457157,152,5,0,3,"Untreated",31.2,17
"161","EMMAOR_NWOLFC2-09A_2016",2016,"EMMAOR","EMMAOR_WOLFC2","U",2,"JUOC",216,"2016-05-27",1,75,22.5,0,"05","07",0.772405,3.57743,190.5659943,17.3519993,19.8885002,46.142601,37.4889984,37.4889984,2.6107399,117,38,79,11.3031998,0,0,-0.809016994374948,148,2,0,1,"Untreated",31.1,50
"162","EMMAOR_NWOLFTA3-09A_2017",2017,"EMMAOR","EMMAOR_WOLFTA3","U",0.75,"PIPO",100,"2017-06-02",3,108.333333333333,27.5,0.375,"06","07",5.7327299,108.3219986,423.0280151,57.8713989,61.6603012,6.8641801,45.7025986,0.909358,45.7025986,78,45,33,164.576004,0,0,-0.17364817766693,153,5,0,3,"Untreated",30.6,15
"163","EMMAOR_NWOLFTB1-06A_2015",2015,"EMMAOR","EMMAOR_WOLFTB1","H",1.75,"PSME",159,"2015-06-01",0,16.6666666666667,12.5,0.571428571428571,"06","07",12.1499996,184.8150024,376.9769897,30.9796009,63.3616982,30.3607998,61.7775993,13.0537004,61.7775993,48,32,16,283.1839905,8.7415705,0,-0.933580426497202,152,7,3,4,"Treated",30.2,15
"164","EMMAOR_NWOLFTB1-06A_2016",2016,"EMMAOR","EMMAOR_WOLFTB1","H",1.3,"Abies",20,"2016-05-26",0,25,5,0.4,"05","07",18.2208996,198.2769928,314.3540039,31.7625008,65.3271027,29.6567993,64.9750977,13.0537004,64.9750977,45,34,11,400.7680054,8.7415705,0,0.939692620785908,147,7,0,4,"Treated",30.1,51
"165","EMMAOR_NWOLFTB3-08A_2015",2015,"EMMAOR","EMMAOR_WOLFTB3","H",2.7,"Abies",346,"2015-06-13",0,41.6666666666667,10,0,"06","07",7.5262499,156.3150024,444.6270142,22.5116997,58.8736,33.3529015,54.7374992,16.0457993,54.7374992,79,55,24,143.2180023,6.8348498,0,0.970295726275996,164,2,0,1,"Treated",29.5,17
"166","EMMAOR_NWOLFTB4-10A_2015",2015,"EMMAOR","EMMAOR_WOLFTB4","U",1.2,"PIPO",108,"2015-05-28",0,25,0,0.5,"05","07",3.91364,64.3108978,392.8420105,17.4633007,42.0945015,31.8568001,27.7206993,16.7203999,27.7206993,99,66,33,115.5289993,0,0,-0.309016994374947,148,4,1,2,"Untreated",30.9,48
"167","EMPAID_N1WS05A_2013",2013,"EMPAID","EMPAID_1WS","U",2.5,"PIPO",147,"2013-06-27",2,116.666666666667,15,0.4,"06","08",1.1316,6.5967202,219.7619934,10.7425003,27.6620998,51.9506989,34.7608986,34.7608986,5.77882,103,28,75,19.5065994,15.4590998,39.9530983,-0.838670567945424,178,4,4,4,"Untreated",32.9,50
"168","EMPAID_N1WS06A_2019",2019,"EMPAID","EMPAID_1WS","HB",1.75,"PIPO",212,"2019-05-31",1,8.33333333333333,40,0.647058823529412,"05","07",4.2550001,118.8389969,518.9349976,11.4338999,49.9267006,29.1874008,43.9132004,9.7389297,43.9132004,119,83,36,171.654007,30.2434998,89.3516998,-0.848048096156426,151,3,1,1,"Treated",33.2,67
"169","EMPAID_N1WS07A_2013",2013,"EMPAID","EMPAID_1WS","U",4.6,"PIPO",62,"2013-05-26",0,8.33333333333333,7.5,0.8,"05","06",1.08885,4.3309798,172.5559998,13.3768997,21.6485996,41.1851006,11.9682999,11.9682999,2.75741,109,48,61,11.2777996,3.9307699,9.2695799,0.469471562785891,146,5,5,2,"Untreated",28.5,60
"170","EMPAID_N1WS07A_2014",2014,"EMPAID","EMPAID_1WS","U",3,"PSME",268,"2014-05-25",2,0,10,0.666666666666667,"05","07",1.04914,4.4658098,180.4609985,11.0317001,23.9365997,43.7957993,17.2485008,17.2485008,2.75741,115,45,70,13.1865997,8.1255503,20.7978992,-0.0348994967025008,145,4,4,4,"Untreated",33.3,68
"171","EMPAID_N1WS07A_2017",2017,"EMPAID","EMPAID_1WS","HB",3.7,"PIPO",182,"2017-06-22",0,16.6666666666667,27.5,0.923076923076923,"06","07",3.37622,55.887001,394.375,7.0488901,40.7158012,34.4676018,25.9606991,9.8562603,25.9606991,98,61,37,103.5680008,20.7978992,73.7752991,-0.999390827019096,173,4,4,3,"Treated",33.1,32
"172","EMPAID_N1WS07A_2018",2018,"EMPAID","EMPAID_1WS","B",3.4,"PIPO",272,"2018-05-28",3,0,5,0,"05","07",1.94438,29.2621002,374.82901,5.6606798,30.4195004,35.6702995,15.8697996,8.3308897,15.8697996,111,63,48,46.2621002,11.5869999,56.4095001,0.0348994967025013,148,5,0,3,"Treated",33.5,67
"173","EMPAID_N1WS07A_2019",2019,"EMPAID","EMPAID_1WS","HB",2.2,"PIPO",190,"2019-05-27",3,33.3333333333333,30,0.875,"05","07",3.5174999,65.2848969,419.0469971,7.3331299,41.2731018,33.6169014,29.1874008,9.82693,29.1874008,102,66,36,110.6539993,23.5259991,74.7726974,-0.984807753012208,147,5,0,3,"Treated",33.1,68
"174","EMPAID_N1WS09A_2017",2017,"EMPAID","EMPAID_1WS","B",2.6,"PIPO",248,"2017-05-26",2,25,2.5,1,"05","07",5.6195998,127.0029984,464.7579956,11.5446997,45.7905998,27.1341,43.5317993,6.42417,43.5317993,94,69,25,158.2920074,31.9741993,82.4581985,-0.374606593415912,146,3,0,2,"Treated",33.4,67
"175","EMPAID_N1WS09A_2018",2018,"EMPAID","EMPAID_1WS","B",2.5,"PIPO",68,"2018-05-29",2,16.6666666666667,15,0.625,"05","07",4.7066698,107.3040009,466.8859863,10.3269997,41.4197998,27.0167007,38.046299,7.0401902,38.046299,87,60,27,119.0790024,27.8087006,83.0155029,0.374606593415912,149,4,4,3,"Treated",33.5,66
"176","EMPAID_N2WS05A_2017",2017,"EMPAID","EMPAID_2WS","B",1.5,"PIPO",223,"2017-05-12",0,33.3333333333333,15,1,"05","06",3.345,27.4235992,268.2980042,6.69523,39.2490005,43.9718018,23.7605991,23.7605991,13.3177004,81,45,36,64.427803,19.2432003,64.5056992,-0.731353701619171,132,4,4,4,"Treated",27.3,62
"177","EMPAID_NB-S01A_2014",2014,"EMPAID","EMPAID_B-S","U",3.6,"PIPO",154,"2014-06-06",2,0,15,0.5,"06","07",2.8452301,52.7472,418.7940063,10.4329004,40.8037987,41.3610992,19.5072002,11.059,19.5072002,84,40,44,84.3059998,2.5227301,0,-0.898794046299167,157,3,0,2,"Untreated",30,31
"178","EMPAID_NB-T01A_2016",2016,"EMPAID","EMPAID_B-T","HB",1.4,"PIPO",28,"2016-05-30",3,41.6666666666667,7.5,1,"05","07",0.580755,3.51263,224.6860046,27.1019993,10.0323,33.3821983,27.4566994,27.4566994,2.2880599,98,45,53,5.5283298,30.7714996,89.7331009,0.882947592858927,151,5,0,3,"Treated",31.7,68
"179","EMPAID_NB-T01A_2018",2018,"EMPAID","EMPAID_B-T","B",3.7,"PIPO",338,"2018-05-25",3,0,2.5,1,"05","07",0.531,3.2616601,226.7709961,34.1456985,8.6535597,36.2863007,26.0193996,26.0193996,2.2000599,81,31,50,4.9295998,37.8409996,92.6958008,0.927183854566787,145,5,0,3,"Treated",31.2,68
"180","EMPAID_NB-T01A_2019",2019,"EMPAID","EMPAID_B-T","HB",3.3,"PIPO",50,"2019-05-23",3,75,2.5,1,"05","07",0.614423,4.3167,245.470993,29.2418003,10.4136,36.4035988,27.8087006,27.8087006,2.99208,84,32,52,5.5897498,33.9981995,92.9011002,0.642787609686539,143,5,0,3,"Treated",31.6,68
"181","EMPAID_NB-T02A_2015",2015,"EMPAID","EMPAID_B-T","U",1.3,"PIPO",331,"2015-06-14",0,50,0,1,"06","07",0.268954,0.746965,133.3150024,41.4236984,7.5388699,42.6225014,40.2170982,40.2170982,0.792021,116,30,86,2.2294199,29.4221001,25.5792999,0.874619707139396,165,2,2,1,"Untreated",31.6,31
"182","EMPAID_NB-T06A_2016",2016,"EMPAID","EMPAID_B-T","B",3,"PIPO",356,"2016-05-27",1,16.6666666666667,2.5,1,"05","07",0.74,7.4043198,300.0969849,27.2082996,10.8535995,34.7902985,27.9846992,27.9846992,4.8107901,88,43,45,8.0451498,34.0569,79.9941025,0.997564050259824,148,5,0,3,"Treated",31.8,68
"183","EMPAID_NB-T06A_2019",2019,"EMPAID","EMPAID_B-T","B",5,"PIPO",59,NA,0,16.6666666666667,5,1,NA,"06",0.668298,7.4266801,318.0069885,27.9829998,10.2376003,34.4968987,28.0140991,28.0140991,4.75213,84,37,47,8.3700104,35.2596016,81.4608002,0.515038074910054,NA,2,2,0,"Treated",NA,NA
"184","EMPAID_NB-T08A_2012",2012,"EMPAID","EMPAID_B-T","U",2.5,"PIPO",48,"2012-06-18",0,50,2.5,0.777777777777778,"06","07",0.405,1.39296,156.1860046,27.7455006,7.12819,26.0779991,13.3177004,13.3177004,1.2027,86,32,54,4.37637,36.7849998,10.4136,0.669130606358858,170,4,2,1,"Untreated",31.9,32
"185","EMPAID_NB-T10A_2012",2012,"EMPAID","EMPAID_B-T","U",2.6,"PIPO",65,"2012-05-28",0,25,15,0.9,"05","06",0.335769,0.689381,102.6230011,23.6926003,5.6908202,18.4512005,7.71487,7.71487,0.704019,107,55,52,2.1336901,12.9949999,4.8987999,0.422618261740699,149,3,0,2,"Untreated",27,61
"186","EMPAID_NB-T10A_2013",2013,"EMPAID","EMPAID_B-T","H",2,"PIPO",99,"2013-06-01",1,50,5,0.875,"06","07",0.334,0.721617,107.7279968,29.2509995,4.8987999,18.8911991,7.71487,7.71487,0.704019,96,51,45,1.85514,10.5309,4.8987999,-0.156434465040231,152,3,1,1,"Treated",32.2,32
"187","EMPAID_NB-T10A_2014",2014,"EMPAID","EMPAID_B-T","B",3,"PIPO",248,"2014-06-01",2,66.6666666666667,2.5,1,"06","07",0.738462,2.18362,139.8930054,6.7675099,9.38692,13.9043999,6.7761798,6.7761798,1.3787,100,61,39,4.94836,9.1815796,4.8987999,-0.374606593415912,152,4,4,2,"Treated",32.2,32
"188","EMPAID_NB-T10A_2017",2017,"EMPAID","EMPAID_B-T","B",4,"PIPO",204,"2017-05-28",2,16.6666666666667,7.5,1,"05","07",0.761351,2.5225899,152.0950012,15.8095999,9.1815796,20.7392006,12.3497,12.3497,1.46671,92,55,37,6.2848001,21.0618992,56.2921982,-0.913545457642601,148,3,0,2,"Treated",31.9,68
"189","EMPAID_NB-T10A_2018",2018,"EMPAID","EMPAID_B-T","B",2.5,"PIPO",124,"2018-05-29",3,83.3333333333333,10,1,"05","07",0.78975,2.2484601,135.9060059,5.73808,10.2962999,13.7284002,6.9815202,6.9815202,1.3787,101,61,40,5.7989898,9.76826,32.1208992,-0.559192903470747,149,4,4,3,"Treated",32.2,68
"190","EMPAID_NB-T10A_2019",2019,"EMPAID","EMPAID_B-T","U",2.4,"PIPO",225,NA,0,33.3333333333333,7.5,0.777777777777778,NA,"06",0.756,2.01367,128.9799957,11.6533003,8.6242304,16.5443993,9.4749203,9.4749203,1.3787,88,53,35,5.6637502,15.3416996,46.0251999,-0.707106781186548,NA,5,5,0,"Untreated",NA,NA
"191","EMPAID_NB-U01A_2013",2013,"EMPAID","EMPAID_B-U","U",1.8,"PIPO",139,"2013-06-05",4,41.6666666666667,12.5,0.727272727272727,"06","07",0.8875,5.8368201,236.1499939,14.8092003,20.8271999,46.4945984,42.0651016,42.0651016,3.5787599,100,28,72,12.3596001,0,0,-0.754709580222772,156,4,4,4,"Untreated",32,31
"192","EMPAID_NB-U01A_2014",2014,"EMPAID","EMPAID_B-U","U",2,"PIPO",145,"2014-05-30",3,100,17.5,0.947368421052632,"05","07",0.678462,3.08816,188.4600067,14.5770998,17.2485008,40.2463989,25.7847004,25.7847004,2.2293899,118,40,78,8.57232,0,0,-0.819152044288992,150,5,1,3,"Untreated",32,67
"193","EMPAID_NB-U01A_2015",2015,"EMPAID","EMPAID_B-U","U",1.4,"PIPO",16,"2015-05-19",1,83.3333333333333,12.5,0.8,"05","06",0.869595,5.6599302,234.7059937,14.5546999,20.9738998,46.1719017,41.3023987,41.3023987,3.5200901,101,27,74,12.1343002,0,0,0.961261695938319,139,3,3,3,"Untreated",27.2,61
"194","EMPAID_NB-U01A_2016",2016,"EMPAID","EMPAID_B-U","U",4.3,"PIPO",169,"2016-06-04",0,100,10,1,"06","06",0.853784,4.6887202,211.9360046,14.4038,20.5925007,44.8518982,36.4916,36.4916,3.02141,103,29,74,11.1082001,0,0,-0.981627183447664,156,2,2,0,"Untreated",27.2,24
"195","EMPAID_NB-U02A_2012",2012,"EMPAID","EMPAID_B-U","U",3.5,"PIPO",107,"2012-05-27",3,16.6666666666667,22.5,1,"05","07",2.5109999,36.907299,370.1109924,17.5608006,32.7369003,54.7667999,48.4012985,48.4012985,19.2432003,68,28,40,43.6338005,0,0,-0.292371704722737,148,5,0,3,"Untreated",31.3,70
"196","EMPAID_NB-U05A_2015",2015,"EMPAID","EMPAID_B-U","U",3.8,"PIPO",52,"2015-06-17",0,33.3333333333333,5,0.666666666666667,"06","07",0.974032,11.5791998,329.9670105,19.7581005,19.6832008,47.1986008,45.2625008,45.2625008,8.03755,90,28,62,14.0839996,0,0,0.615661475325658,168,4,4,3,"Untreated",31.1,32
"197","EMPAID_NBR01A_2018",2018,"EMPAID","EMPAID_BR","U",3.7,"PIPO",161,"2018-05-26",3,8.33333333333333,0,0.25,"05","07",0.633673,2.17383,155.901001,21.2138996,10.1203003,27.0461006,4.8694601,4.8694601,1.3787,108,59,49,4.3071599,0,0,-0.945518575599317,146,5,0,3,"Untreated",31.5,68
"198","EMPAID_NBR04A_2013",2013,"EMPAID","EMPAID_BR","U",1.2,"PIPO",108,"2013-06-12",4,33.3333333333333,12.5,0.777777777777778,"06","07",0.704211,2.94417,178.3480072,25.0660992,13.0830002,38.8969994,13.7284002,13.7284002,2.3174,102,45,57,5.1914701,0,0,-0.309016994374947,163,4,4,4,"Untreated",30.7,31
"199","EMPAID_NBWC01A_2012",2012,"EMPAID","Incidental","U",2.2,"PIPO",232,"2012-05-26",2,0,2.5,0.25,"05","07",4.3909101,103.189003,474.3469849,9.1122398,47.2279015,31.3875008,39.7770996,9.7975998,39.7770996,107,74,33,221.2660065,0.440012,0,-0.615661475325658,147,7,0,4,"Untreated",30.3,70
"200","EMPAID_NBWC01A_2013",2013,"EMPAID","Incidental","U",1.8,"PIPO",20,"2013-06-02",0,0,2.5,0.25,"06","06",4.3909101,103.189003,474.3469849,9.1122398,47.2279015,31.3875008,39.7770996,9.7975998,39.7770996,107,74,33,221.2660065,0.440012,0,0.939692620785908,153,3,3,2,"Untreated",25.4,24
"201","EMPAID_NBWC01A_2014",2014,"EMPAID","Incidental","U",2.3,"PIPO",212,"2014-05-29",3,0,5,0.25,"05","07",3.875,64.0157013,393.9559937,7.9387298,45.4678993,32.2382011,29.9500999,9.76826,29.9500999,113,77,36,183.4949951,0,0,-0.848048096156426,149,4,4,4,"Untreated",30.3,70
"202","EMPAID_NBWC01A_2015",2015,"EMPAID","Incidental","U",2.1,"PIPO",204,"2015-05-30",0,41.6666666666667,2.5,0.857142857142857,"05","06",4.9282799,121.0599976,485.4320068,8.3555098,46.5825996,35.7290001,42.8571014,9.2402496,42.8571014,101,72,29,271.4590149,0,0,-0.913545457642601,150,4,4,0,"Untreated",25.6,63
"203","EMPAID_NBWC01A_2016",2016,"EMPAID","Incidental","U",1.7,"PIPO",146,"2016-05-24",2,8.33333333333333,30,1,"05","07",3.7850001,109.098999,527.4840088,8.0085697,44.4118004,38.4864006,39.718399,13.0242996,39.718399,101,65,36,210.6670074,0,1.2613699,-0.829037572555042,145,4,4,2,"Untreated",30.6,70
"204","EMPAID_NBWC01A_2017",2017,"EMPAID","Incidental","U",3.4,"PIPO",174,"2017-06-12",3,25,0,0.2,"06","07",3.45316,18.9904003,212.1179962,6.4151602,42.7691002,33.9981995,10.2669001,7.4215298,10.2669001,107,69,38,73.9190979,0.410678,1.2613699,-0.994521895368273,163,5,0,3,"Untreated",29.9,32
"205","EMPAID_NCC02A_2019",2019,"EMPAID","Incidental","B",1,"PSME",126,"2019-06-05",1,58.3333333333333,2.5,0.75,"06","07",1.7686,11.0235996,228.7559967,8.7241201,24.7873001,28.4248009,14.5204,14.5204,5.2508101,108,65,43,22.3560009,1.52537,33.3821983,-0.587785252292473,156,2,0,1,"Treated",31.8,34
"206","EMPAID_NCC07A_2013",2013,"EMPAID","Incidental","B",3,"PIPO",28,"2013-06-04",0,75,5,1,"06","07",0.5184,1.84958,160.2460022,19.1215,12.6723003,33.7048988,23.9365997,23.9365997,1.2613699,119,44,75,4.5356398,0,72.3378983,0.882947592858927,155,6,4,1,"Treated",32.1,34
"207","EMPAID_NCC08A_2014",2014,"EMPAID","Incidental","B",1.7,"PIPO",26,"2014-06-04",0,66.6666666666667,10,1,"06","06",1.45653,16.3043003,319.2789917,7.3643098,23.2619991,25.5499992,12.5256996,12.5256996,10.3549004,115,66,49,17.8913994,0,61.2789993,0.898794046299167,155,3,3,0,"Treated",27,26
"208","EMPAID_NCC10A_2019",2019,"EMPAID","Incidental","B",1.4,"PIPO",97,"2019-05-27",0,50,2.5,1,"05","06",0.712286,4.51332,231.0059967,12.1143999,8.1255503,16.1630993,3.1974199,1.90672,3.1974199,83,48,35,5.24686,0,83.0155029,-0.121869343405147,147,4,1,2,"Treated",27,64
"209","EMPAID_NCP09A_2012",2012,"EMPAID","Incidental","U",1.4,"PIPO",139,"2012-05-27",2,8.33333333333333,0,0.25,"05","07",0.333409,0.728282,108.8280029,44.2860985,4.7814598,29.3633995,20.9445992,20.9445992,0.704019,79,35,44,2.0137801,4.5761199,4.8987999,-0.754709580222772,148,4,1,2,"Untreated",32.3,68
"210","EMPAID_NCR01A_2012",2012,"EMPAID","Incidental","U",1.1,"PIPO",270,"2012-06-14",0,33.3333333333333,10,0.8,"06","07",0.334918,0.871057,126.5230026,40.4294014,6.6588402,35.9636002,17.6005001,17.6005001,0.850689,92,31,61,1.7004499,25.3446999,0,-1.83690953073357e-16,166,3,3,0,"Untreated",31.5,33
"211","EMPAID_NCR07A_2012",2012,"EMPAID","Incidental","U",1.1,"PIPO",999,"2012-05-23",3,8.33333333333333,27.5,0.857142857142857,"05","07",0.644754,3.6154499,214.6499939,21.3633003,12.8190002,37.4303017,22.7339001,22.7339001,3.05075,104,43,61,5.3401599,38.2224007,0,0.156434465040229,144,6,1,3,"Untreated",32.2,70
"212","EMPAID_NCR07A_2013",2013,"EMPAID","Incidental","U",1.5,"PIPO",999,NA,0,8.33333333333333,27.5,0.857142857142857,NA,"06",0.644754,3.6154499,214.6499939,21.3633003,12.8190002,37.4303017,22.7339001,22.7339001,3.05075,104,43,61,5.3401599,38.2224007,7.4215298,0.156434465040229,NA,4,4,0,"Untreated",NA,NA
"213","EMPAID_NCU04A_2013",2013,"EMPAID","EMPAID_CU","U",3.2,"PSME",178,"2013-06-07",3,16.6666666666667,17.5,0.9,"06","07",1.35422,31.7318993,473.6229858,12.5155001,28.2488003,47.051899,40.6571007,40.6571007,16.6910992,98,34,64,27.9675999,0.352009,0,-0.999390827019096,158,4,4,4,"Untreated",30.2,31
"214","EMPAID_NCU05A_2015",2015,"EMPAID","EMPAID_CU","U",2.1,"PIPO",192,"2015-05-29",3,0,10,0.4,"05","07",2.3106101,28.3782005,335.8819885,10.0938997,36.9023018,41.5957985,19.5072002,19.5072002,16.6910992,89,40,49,41.7649002,7.4215298,3.08008,-0.978147600733806,149,4,4,4,"Untreated",30.1,69
"215","EMPAID_NCU05A_2016",2016,"EMPAID","EMPAID_CU","U",2.1,"PIPO",192,"2016-06-07",1,0,10,0.4,"06","07",2.3106101,28.3782005,335.8819885,10.0938997,36.9023018,41.5957985,19.5072002,19.5072002,16.6910992,89,40,49,41.7649002,7.4215298,3.08008,-0.978147600733806,159,3,1,1,"Untreated",30.1,31
"216","EMPAID_NCU07A_2013",2013,"EMPAID","EMPAID_CU","H",2.8,"PSME",30,"2013-05-28",4,8.33333333333333,30,0.692307692307692,"05","07",4.2496901,75.7517014,410.1860046,10.8526001,44.3237991,36.1395988,32.2969017,12.0857,32.2969017,88,56,32,76.0792999,18.7737999,0,0.866025403784439,148,4,4,4,"Treated",30.2,69
"217","EMPAID_NCU09A_2014",2014,"EMPAID","EMPAID_CU","U",2.4,"PIPO",342,"2014-07-01",0,8.33333333333333,2.5,0.4,"07","07",3.8863599,65.7173996,398.8699951,9.2735596,41.8011017,36.8437004,28.1900997,12.3497,28.1900997,92,59,33,82.3305969,33.4995995,0,0.951056516295154,182,4,4,3,"Untreated",30.3,7
"218","EMPAID_NCU09A_2015",2015,"EMPAID","EMPAID_CU","U",2.2,"PIPO",194,"2015-06-03",3,8.33333333333333,7.5,0.5,"06","07",3.6518199,59.8278008,392.2120056,9.1995802,39.2784004,39.1024017,25.843399,16.2511005,25.843399,87,54,33,71.6850967,28.3367996,5.4268098,-0.970295726275996,154,4,4,3,"Untreated",30.5,31
"219","EMPAID_NCU10A_2012",2012,"EMPAID","Incidental","H",2,"PIPO",306,"2012-05-23",2,25,20,0.818181818181818,"05","07",5.0469198,69.1528015,356.3980103,8.2056103,42.7691002,35.4356003,28.6301003,8.9762402,28.6301003,90,64,26,113.9509964,35.347599,0,0.587785252292473,144,5,2,2,"Treated",30.2,69
"220","EMPAID_NCU10A_2013",2013,"EMPAID","EMPAID_CU","H",1.8,"PIPO",240,"2013-05-22",2,16.6666666666667,27.5,0.846153846153846,"05","07",4.8866701,70.8200989,367.321991,8.3812399,43.0037994,35.611599,29.2460995,8.8882399,29.2460995,91,64,27,108.3779984,35.2303009,0,-0.5,142,4,4,4,"Treated",30.2,69
"221","EMPAID_NCU10A_2014",2014,"EMPAID","EMPAID_CU","H",4.4,"PIPO",78,"2014-05-26",3,8.33333333333333,15,0.571428571428571,"05","07",2.2607999,18.6243992,269.0350037,11.6083002,36.8437004,44.3237991,37.7529984,37.7529984,9.1229095,96,46,50,29.2049007,39.8944016,0,0.207911690817759,146,4,4,3,"Treated",30.6,69
"222","EMPAID_NCU10A_2015",2015,"EMPAID","EMPAID_CU","H",4.5,"PIPO",152,"2015-05-16",2,25,15,0.444444444444444,"05","06",1.7715,15.6542997,279.9419861,11.2514,34.6436005,45.4091988,40.0410995,40.0410995,7.8908801,104,44,60,29.5984993,40.7743988,3.2854199,-0.882947592858927,136,4,4,4,"Treated",25.8,61
"223","EMPAID_NCU10A_2018",2018,"EMPAID","Incidental","U",2.5,"PIPO",248,"2018-06-20",1,50,2.5,0.875,"06","07",2.77615,36.2672005,347.3299866,11.1772003,35.2888985,38.7797012,19.9472008,19.9472008,16.5737991,82,43,39,55.2187004,0,0,-0.374606593415912,171,4,4,1,"Untreated",30.4,31
"224","EMPAID_NCU10A_2019",2019,"EMPAID","Incidental","U",2.8,"PIPO",228,"2019-06-02",4,50,2.5,0.875,"06","07",2.77615,36.2672005,347.3299866,11.1772003,35.2888985,38.7797012,19.9472008,19.9472008,16.5737991,82,43,39,55.2187004,0,0,-0.669130606358858,153,8,0,5,"Untreated",30.4,31
"225","EMPAID_NCW-A01A_2013",2013,"EMPAID","EMPAID_CW-A","U",4.6,"PIPO",100,"2013-06-05",3,16.6666666666667,2.5,0.6,"06","07",1.03143,7.6485,253.2870026,19.1459999,21.1791992,48.4012985,38.3983994,38.3983994,6.1601601,108,45,63,10.9772997,0,0,-0.17364817766693,156,3,3,3,"Untreated",31.7,36
"226","EMPAID_NCW-A01A_2014",2014,"EMPAID","EMPAID_CW-A","U",1.1,"PIPO",230,"2014-06-02",0,16.6666666666667,22.5,1,"06","06",1.9857399,9.94209,200.1679993,18.3372002,30.4195004,61.9243011,61.1323013,61.1323013,6.3361702,59,12,47,25.0792999,12.8776999,0,-0.642787609686539,153,5,3,1,"Untreated",26.8,27
"227","EMPAID_NCW-A01A_2015",2015,"EMPAID","EMPAID_CW-A","U",2.2,"PIPO",31,"2015-05-23",0,108.333333333333,17.5,0.666666666666667,"05","06",1.88471,11.5586004,226.5579987,16.8306999,31.3288002,61.0149994,60.1348991,60.1348991,6.6295099,69,18,51,24.1228008,10.9123001,0,0.857167300702112,143,4,4,0,"Untreated",27,72
"228","EMPAID_NCW-A01A_2017",2017,"EMPAID","EMPAID_CW-A","H",3.5,"PIPO",267,NA,0,8.33333333333333,27.5,0.333333333333333,NA,"07",27.8999996,216.4320068,259.9500122,29.9123001,72.7485962,21.9125996,71.6339035,4.5174499,71.6339035,72,64,8,333.4689941,62.2470016,0,-0.0523359562429443,NA,3,3,0,"Treated",NA,NA
"229","EMPAID_NCW-A01A_2018",2018,"EMPAID","EMPAID_CW-A","H",1.8,"PIPO",144,"2018-05-30",0,25,0,1,"05","06",1.59667,29.8749008,420.8420105,14.3107996,28.1021004,42.8278008,27.7206993,27.7206993,15.7818003,114,60,54,23.0389004,49.8092995,45.1744995,-0.809016994374947,150,4,4,3,"Treated",27.1,71
"230","EMPAID_NCW-A01B_2013",2013,"EMPAID","EMPAID_CW-A","U",4.1,"PIPO",273,"2013-06-03",3,8.33333333333333,45,0.894736842105263,"06","07",1.78941,9.82864,211.9589996,18.6592007,29.7448006,62.5110016,61.7190018,61.7190018,6.3361702,65,14,51,22.6215992,8.8589001,0,0.0523359562429439,154,4,4,3,"Untreated",31.6,36
"231","EMPAID_NCW-A01B_2015",2015,"EMPAID","EMPAID_CW-A","U",6.3,"PIPO",284,"2015-06-15",2,208.333333333333,20,0.636363636363636,"06","07",1.84059,10.1702003,212.7319946,17.5820007,30.5955009,61.4550018,59.5775986,59.5775986,6.3361702,69,18,51,21.0984993,5.1921401,0,0.241921895599667,166,5,2,2,"Untreated",31.9,36
"232","EMPAID_NCW-A02A_2019",2019,"EMPAID","EMPAID_CW-A","HB",2.2,"PSME",293,"2019-05-25",4,50,22.5,0.8,"05","07",1.08138,11.7321997,313.8340149,15.8607998,22.9099007,45.7612,37.3717003,37.3717003,7.0988598,113,48,65,12.6239004,52.6841011,51.5400009,0.390731128489273,145,7,0,4,"Treated",31.9,80
"233","EMPAID_NCW-A03A_2012",2012,"EMPAID","EMPAID_CW-A","U",3,"PIPO",119,"2012-05-27",2,16.6666666666667,10,0.857142857142857,"05","07",1.386,13.8898001,300.3580017,12.9594002,27.1047001,48.0199013,34.7608986,34.7608986,8.2722197,100,40,60,20.8395004,0.99736,0,-0.484809620246337,148,3,3,3,"Untreated",32.1,78
"234","EMPAID_NCW-A03A_2016",2016,"EMPAID","EMPAID_CW-A","U",1.2,"PIPO",22,"2016-05-23",2,16.6666666666667,10,0.857142857142857,"05","07",1.386,13.8898001,300.3580017,12.9594002,27.1047001,48.0199013,34.7608986,34.7608986,8.2722197,100,40,60,20.8395004,43.6492004,3.8134401,0.927183854566787,144,7,3,4,"Untreated",32.1,78
"235","EMPAID_NCW-A03A_2017",2017,"EMPAID","EMPAID_CW-A","H",2,"PIPO",272,"2017-06-20",0,8.33333333333333,20,0.444444444444444,"06","07",2.0150001,44.9790993,461.7590027,11.5770998,35.464901,45.3799019,22.3819008,21.1791992,22.3819008,102,48,54,37.1484985,63.743,1.3787,0.0348994967025013,171,3,3,0,"Treated",32.2,35
"236","EMPAID_NCW-A04A_2018",2018,"EMPAID","EMPAID_CW-A","HB",1.3,"PIPO",339,"2018-06-02",0,16.6666666666667,12.5,1,"06","06",2.3868001,44.1461983,418.2820129,9.3712997,38.8969994,43.9718018,27.1047001,27.1047001,22.2059002,102,52,50,51.3153992,62.5696983,51.0707016,0.933580426497202,153,2,2,0,"Treated",27.7,26
"237","EMPAID_NCW-A04A_2019",2019,"EMPAID","EMPAID_CW-A","HB",2.5,"PIPO",258,"2019-06-05",3,50,5,0.875,"06","07",2.5181999,53.2789001,448.9710083,9.8943596,41.0383987,43.0331001,26.1660004,24.4353008,26.1660004,103,53,50,49.1945992,64.0950012,49.6333008,-0.20791169081776,156,4,4,3,"Treated",32.4,35
"238","EMPAID_NCW-A05A_2017",2017,"EMPAID","EMPAID_CW-A","H",2.3,"PIPO",142,"2017-06-05",1,8.33333333333333,12.5,0.833333333333333,"06","07",4.3049998,108.0690002,490.9500122,12.5887003,50.5133018,37.0489998,42.0065002,25.198,42.0065002,92,56,36,140.8170013,62.7457008,6.42417,-0.788010753606722,156,2,2,1,"Treated",32.1,35
"239","EMPAID_NCW-A07A_2018",2018,"EMPAID","EMPAID_CW-A","H",1.9,"PIPO",106,"2018-05-29",4,41.6666666666667,7.5,0.625,"05","07",11.3549995,188.5599976,395.0429993,22.9218006,66.6177979,26.8113995,63.9776993,8.03755,63.9776993,96,78,18,338.9249878,73.0712967,45.2919006,-0.275637355816999,149,7,0,4,"Treated",31.4,83
"240","EMPAID_NCW-A07A_2019",2019,"EMPAID","EMPAID_CW-A","U",1.7,"PSME",134,"2019-06-03",3,16.6666666666667,12.5,0.375,"06","07",2.1427701,34.3853989,387.9070129,16.1259995,32.8249016,60.6043015,57.9054985,57.9054985,18.3924999,64,17,47,51.2318001,73.892601,45.2919006,-0.694658370458997,154,5,0,3,"Untreated",31.3,38
"241","EMPAID_NCW-B02A_2019",2019,"EMPAID","EMPAID_CW-B","HB",4.8,"PSME",167,"2019-06-01",3,25,17.5,0.3,"06","07",16.1292992,220.8029938,356.223999,29.0282001,73.5992966,24.4647007,72.7779007,10.6189003,72.7779007,79,65,14,497.7869873,61.6896019,67.3805008,-0.974370064785235,152,5,5,3,"Treated",31.4,38
"242","EMPAID_NCW-B03A_2017",2017,"EMPAID","EMPAID_CW-B","H",3,"PIPO",16,"2017-05-26",2,0,55,0.772727272727273,"05","07",17.6469002,226.7189941,344.2019958,29.6429996,74.7726974,23.9073009,74.3326035,10.6775999,74.3326035,78,65,13,447.7099915,62.1590004,0.234673,0.961261695938319,146,3,0,2,"Treated",31.1,86
"243","EMPAID_NCW-B04A_2016",2016,"EMPAID","EMPAID_CW-B","H",3,"PSME",282,"2016-06-13",4,8.33333333333333,50,0.857142857142857,"06","07",14.0063,218.9129944,382.4869995,27.2096996,73.0419006,25.6380005,72.1912994,12.7896996,72.1912994,75,59,16,503.177002,48.577301,0,0.207911690817759,165,4,4,4,"Treated",30.9,38
"244","EMPAID_NCW-B04A_2018",2018,"EMPAID","EMPAID_CW-B","HB",3,"PIPO",238,"2018-06-07",2,16.6666666666667,37.5,0.647058823529412,"06","07",14.934,219.5350037,370.1400146,26.6138992,73.0126038,25.8726997,72.2792969,13.3470001,72.2792969,75,60,15,496.177002,59.2841988,46.1132011,-0.529919264233205,158,3,3,2,"Treated",30.9,38
"245","EMPAID_NCW-D04A_2015",2015,"EMPAID","EMPAID_CW-D","U",4,"PIPO",6,"2015-05-13",3,41.6666666666667,25,0.9375,"05","06",4.9949999,61.4370995,336.151001,12.2349005,45.5852013,34.2328987,25.9020004,23.6140003,25.9020004,82,54,28,83.6091003,24.4353008,0,0.994521895368273,133,4,4,3,"Untreated",28.9,63
"246","EMPAID_NCW-D04A_2016",2016,"EMPAID","EMPAID_CW-D","HB",3.5,"PIPO",74,"2016-05-29",2,33.3333333333333,37.5,0.842105263157895,"05","07",5.4809999,93.4636993,400.6530151,14.1034002,53.593399,28.1608009,39.3956985,6.68818,39.3956985,105,75,30,183.8930054,24.1713009,28.3661003,0.275637355816999,150,5,0,3,"Treated",33.8,71
"247","EMPAID_NCW-D04A_2017",2017,"EMPAID","EMPAID_CW-D","HB",2,"PIPO",250,"2017-05-14",2,25,2.5,0.75,"05","06",4.0021901,96.6109009,481.0350037,11.2765999,41.7424011,28.8061008,36.1689987,8.03755,36.1689987,98,66,32,142.3609924,17.219101,20.2698994,-0.342020143325669,134,5,2,2,"Treated",29.6,60
"248","EMPAID_NCW-D06A_2014",2014,"EMPAID","EMPAID_CW-D","U",3.3,"PIPO",76,"2014-05-25",2,33.3333333333333,17.5,0.727272727272727,"05","07",5.1206899,106.3300018,444.5750122,8.9568996,48.4012985,35.8462982,40.6571007,19.7712002,40.6571007,79,50,29,169.621994,20.4459,0,0.241921895599668,145,7,0,4,"Untreated",33.3,74
"249","EMPAID_NCW-D09A_2012",2012,"EMPAID","EMPAID_CW-D","U",6.6,"PIPO",170,"2012-05-27",3,NA,NA,NA,"05","07",6.8791299,86.7874985,340.822998,12.3292999,51.5694008,31.0648003,35.8170013,7.6855402,35.8170013,81,58,23,151.4730072,0,0,-0.984807753012208,148,6,1,3,"Untreated",33,75
"250","EMPAID_NCW-D09A_2013",2013,"EMPAID","EMPAID_CW-D","U",1.6,"PIPO",279,"2013-06-28",2,133.333333333333,2.5,1,"06","08",7.83429,85.2370987,314.3250122,11.8965998,53.6227989,30.1261005,35.8462982,5.4854798,35.8462982,83,62,21,158.3769989,0,0,0.156434465040231,179,3,0,2,"Untreated",32.8,50
"251","EMPAID_NCW-D10A_2013",2013,"EMPAID","EMPAID_CW-D","B",3.6,"PIPO",330,"2013-05-26",0,25,10,0.714285714285714,"05","06",10.5839996,83.8895035,263.1740112,11.6911001,51.7453995,30.2434998,33.6461983,8.8589001,33.6461983,78,63,15,169.8439941,0,0,0.866025403784438,146,4,4,3,"Treated",27.8,67
"252","EMPAID_NCW-D10A_2016",2016,"EMPAID","EMPAID_CW-D","HB",9.8,"PIPO",180,"2016-06-08",2,58.3333333333333,12.5,0.166666666666667,"06","07",11.6160002,78.3757019,239.7339935,21.2000008,56.7907982,22.6459007,29.9500999,7.9495502,29.9500999,103,88,15,181.6399994,24.5820007,19.0377998,-1,160,3,0,2,"Treated",32.7,34
"253","EMPAID_NCW-D10A_2017",2017,"EMPAID","EMPAID_CW-D","B",2.1,"PIPO",318,"2017-05-11",3,50,2.5,0.285714285714286,"05","06",14.5038004,97.5866013,239.3390045,24.2194996,61.4550018,21.6779003,39.6596985,7.9495502,39.6596985,103,90,13,237.4320068,26.9286995,23.9365997,0.743144825477394,131,3,3,3,"Treated",27.8,67
"254","EMPAID_NCW-E03A_2017",2017,"EMPAID","EMPAID_CW-E","H",2.5,"PIPO",130,"2017-06-03",3,33.3333333333333,12.5,0.666666666666667,"06","07",48.618,242.0119934,199.4450073,38.3394012,79.2313995,17.9524994,79.055397,2.99208,79.055397,80,75,5,539.3060303,24.5527,0,-0.642787609686539,154,4,4,3,"Treated",30.1,40
"255","EMPAID_NCW-G02A_2019",2019,"EMPAID","EMPAID_CW-G","B",8.4,"PSME",178,"2019-05-22",1,0,0,0,"05","07",1.2539999,20.0226002,386.8720093,48.2584991,12.2616997,56.1748009,47.4626007,47.4626007,8.8589001,58,28,30,10.9052,30.3607998,100,-0.999390827019096,142,5,3,1,"Treated",31.9,82
"256","EMPAID_NDL03A_2013",2013,"EMPAID","EMPAID_DL","U",6.7,"PIPO",70,"2013-06-03",4,0,5,0.4,"06","07",0.479455,1.75915,163.3730011,49.6929016,8.5949001,58.1109009,29.9207993,29.9207993,1.3787,70,15,55,3.2156401,0,0,0.342020143325669,154,4,4,4,"Untreated",31,32
"257","EMPAID_NDL03A_2014",2014,"EMPAID","EMPAID_DL","U",3.2,"PIPO",42,"2014-05-28",0,0,5,0.4,"05","06",0.479455,1.75915,163.3730011,49.6929016,8.5949001,58.1109009,29.9207993,29.9207993,1.3787,70,15,55,3.2156401,0,0,0.743144825477394,148,6,3,3,"Untreated",26.1,64
"258","EMPAID_NDL04A_2018",2018,"EMPAID","EMPAID_DL","U",5.7,"PIPO",123,"2018-05-29",2,8.33333333333333,10,0.714285714285714,"05","07",0.491667,1.78139,161.9620056,49.5990982,8.6535597,58.5802002,29.1874008,29.1874008,1.3787,70,16,54,3.2307501,0,0,-0.544639035015027,149,3,0,2,"Untreated",31,71
"259","EMPAID_NDL08A_2014",2014,"EMPAID","EMPAID_DL","U",2.9,"PIPO",307,"2014-05-31",2,16.6666666666667,15,0.625,"05","07",2.83636,25.7635002,284.3110046,20.8591995,30.5074997,56.7907982,48.8120003,48.8120003,14.9310999,61,28,33,22.8484993,0,0,0.601815023152048,151,6,1,3,"Untreated",31.2,71
"260","EMPAID_NDL08A_2015",2015,"EMPAID","EMPAID_DL","U",1.2,"PIPO",148,"2015-05-24",3,8.33333333333333,0,0.25,"05","07",2.29829,42.4339981,417.8909912,19.6219997,30.7127991,55.6762009,53.0946999,53.0946999,20.2404995,71,30,41,42.8644981,0,0,-0.848048096156426,144,4,4,4,"Untreated",31.6,70
"261","EMPAID_NDL08A_2017",2017,"EMPAID","EMPAID_DL","U",2,"PIPO",167,"2017-05-29",3,16.6666666666667,5,0.666666666666667,"05","07",2.3148799,38.1940002,393.6919861,17.0144997,32.4435005,54.1213989,47.2279015,47.2279015,19.5659008,73,30,43,41.4474983,0,0,-0.974370064785235,149,5,0,3,"Untreated",31.4,70
"262","EMPAID_NDL10A_2018",2018,"EMPAID","EMPAID_DL","U",2.5,"PIPO",165,"2018-06-04",0,183.333333333333,12.5,1,"06","07",1.17,14.8418999,341.8380127,14.2024002,25.9314003,49.4572983,46.0839005,46.0839005,10.1788998,104,36,68,20.6882992,0,0,-0.965925826289068,155,4,4,4,"Untreated",31.9,31
"263","EMPAID_NEFW01A_2018",2018,"EMPAID","Incidental","U",3.2,"PIPO",61,"2018-05-27",3,16.6666666666667,22.5,0.272727272727273,"05","07",2.76811,30.4382,316.1650085,7.70858,33.3821983,34.8488998,19.0084991,19.0084991,16.7497997,92,55,37,54.3647995,7.9202099,0.674685,0.484809620246337,147,5,5,4,"Untreated",33,72
"264","EMPAID_NLC-R09A_2014",2014,"EMPAID","EMPAID_LC-R","U",1.1,"PIPO",309,"2014-06-06",2,83.3333333333333,7.5,0.928571428571429,"06","07",0.704,1.9436899,132.6999969,31.5911999,10.3255997,40.5690994,39.9530983,39.9530983,1.67204,57,12,45,4.9291,0,3.2267499,0.629320391049838,157,4,4,3,"Untreated",31.8,31
"265","EMPAID_NLC-R10A_2012",2012,"EMPAID","EMPAID_LC-R","B",1.6,"PIPO",310,"2012-05-26",3,0,7.5,1,"05","07",0.691364,1.98692,136.8910065,31.3173008,9.9149303,38.8969994,38.2809982,38.2809982,1.67204,55,11,44,5.0676398,0,3.2267499,0.642787609686539,147,4,4,4,"Treated",31.8,68
"266","EMPAID_NLC03A_2017",2017,"EMPAID","EMPAID_LC","U",2.3,"PIPO",258,"2017-06-02",0,116.666666666667,10,0.9,"06","06",0.661875,1.84462,133.677002,35.6916008,10.3549004,46.8171997,45.8492012,45.8492012,1.67204,64,16,48,4.7258301,0.205339,4.5174499,-0.20791169081776,153,4,4,0,"Untreated",26.7,24
"267","EMPAID_NLC04A_2013",2013,"EMPAID","EMPAID_LC","B",2.3,"PIPO",69,"2013-06-04",3,0,15,1,"06","07",0.675957,1.9364001,136.5529938,31.1275997,10.3549004,40.3931007,39.8944016,39.8944016,1.67204,59,12,47,4.9008398,0,3.2267499,0.3583679495453,155,4,4,3,"Treated",31.8,31
"268","EMPAID_NLC05A_2015",2015,"EMPAID","EMPAID_LC","U",2,"PIPO",227,"2015-05-30",3,8.33333333333333,5,0.6,"05","07",0.599492,2.0095401,153.3650055,30.0527,11.5283003,42.9450989,41.5663986,41.5663986,1.84805,72,13,59,4.3823299,0,3.2267499,-0.681998360062499,150,5,0,3,"Untreated",31.8,68
"269","EMPAID_NLC05A_2016",2016,"EMPAID","EMPAID_LC","B",1.6,"PIPO",230,"2016-06-13",0,25,2.5,1,"06","06",5.1726298,29.9412994,218.8240051,11.1899996,32.0329018,19.7124996,15.0483999,6.3948398,15.0483999,90,71,19,59.1046982,0,4.5174499,-0.642787609686539,165,3,3,0,"Treated",27.1,24
"270","EMPAID_NPM09A_2013",2013,"EMPAID","Incidental","U",2.6,"PIPO",234,"2013-06-08",2,8.33333333333333,5,0.333333333333333,"06","07",0.780968,3.6424899,191.4179993,19.1755009,7.8908801,18.5391998,6.8348498,6.8348498,2.4054,78,47,31,4.69836,8.80023,53.0066986,-0.587785252292473,159,4,4,3,"Untreated",32,35
"271","EMPAID_NPM09A_2014",2014,"EMPAID","Incidental","U",1.7,"PIPO",222,"2014-05-29",0,8.33333333333333,15,0.625,"05","06",1.01132,4.5845199,187.9689941,16.3868999,12.5256996,25.6380005,12.2616997,12.2616997,3.1680801,84,46,38,8.6240196,11.7923002,61.9243011,-0.743144825477394,149,4,4,0,"Untreated",26.9,66
"272","EMPAID_NSF02A_2015",2015,"EMPAID","EMPAID_SF","U",1.3,"PIPO",32,"2015-05-19",4,25,17.5,1,"05","06",1.77882,56.6996002,555.651001,7.5188899,39.4250984,51.1879997,43.9132004,43.9132004,26.8701,92,24,68,74.4129028,29.3633995,0,0.848048096156426,139,6,6,4,"Untreated",28.1,66
"273","EMPAID_NSF02A_2016",2016,"EMPAID","EMPAID_SF","H",2.2,"PIPO",141,"2016-05-18",4,8.33333333333333,52.5,0.909090909090909,"05","06",77.5500031,232.1100006,141.1750031,32.2280006,75.8286972,19.2724991,75.7406998,1.78938,75.7406998,103,100,3,430.5840149,30.6541996,4.1654401,-0.777145961456971,139,4,4,4,"Treated",27.8,68
"274","EMPAID_NSF04A_2012",2012,"EMPAID","Incidental","U",3.3,"PIPO",1,"2012-05-30",3,25,15,0.888888888888889,"05","07",1.55314,33.9500999,456.7160034,7.9411802,35.4356003,46.0839005,36.8437004,36.8437004,19.1844997,103,33,70,43.8746986,15.6351004,0,0.999847695156391,151,5,0,3,"Untreated",32.7,75
"275","EMPAID_NSF05A_2016",2016,"EMPAID","EMPAID_SF","H",1.4,"PIPO",330,"2016-06-06",1,25,25,0.923076923076923,"06","07",2.3364699,57.8143005,487.2810059,9.1460505,38.8384018,42.1824989,36.1982994,36.1982994,26.7527008,97,46,51,60.6730003,48.9292984,6.42417,0.866025403784438,158,4,4,3,"Treated",32.7,34
"276","EMPAID_NSF07A_2014",2014,"EMPAID","EMPAID_SF","H",2.3,"PIPO",284,"2014-05-27",2,8.33333333333333,20,0.888888888888889,"05","07",6.8538499,149.3150024,455.9129944,16.0212994,58.0816002,32.5901985,53.1240997,22.9685993,53.1240997,91,65,26,221.095993,35.993,0,0.241921895599667,147,4,4,3,"Treated",32.4,78
"277","EMPAID_NSF07A_2015",2015,"EMPAID","EMPAID_SF","H",3,"PIPO",82,"2015-05-19",3,8.33333333333333,10,1,"05","06",6.5766702,150.628006,468.0100098,15.7231998,57.8762016,32.8249016,53.2708015,23.1152992,53.2708015,94,67,27,211.0870056,41.2144012,0,0.139173100960065,139,4,4,4,"Treated",27.5,69
"278","EMPAID_NSF07A_2016",2016,"EMPAID","EMPAID_SF","H",5.5,"PIPO",184,"2016-05-21",4,16.6666666666667,20,0.8,"05","07",6.8538499,149.3150024,455.9129944,16.0212994,58.0816002,32.5901985,53.1240997,22.9685993,53.1240997,91,65,26,221.095993,59.4309006,6.42417,-0.997564050259824,142,5,5,5,"Treated",32.4,78
"279","EMPAID_NSF08A_2013",2013,"EMPAID","EMPAID_SF","U",1.8,"PIPO",261,"2013-06-12",2,8.33333333333333,12.5,0.857142857142857,"06","07",2.4232099,25.3896999,307.8590088,7.9717202,41.8597984,47.5213013,43.6198006,43.6198006,13.6403999,81,28,53,57.4361992,23.3792992,0,-0.156434465040231,163,4,4,2,"Untreated",32.1,35
"280","EMPAID_NSF08A_2017",2017,"EMPAID","EMPAID_SF","H",2.8,"PSME",340,"2017-05-26",0,25,22.5,0.833333333333333,"05","06",58.5675011,227.5220032,169.8470001,33.2288017,76.3566971,18.8617992,75.2419968,1.73071,75.2419968,100,96,4,483.8609924,33.176899,2.99208,0.939692620785908,146,4,4,0,"Treated",27.7,69
"281","EMPAID_NSF09A_2014",2014,"EMPAID","EMPAID_SF","U",0.7,"PIPO",110,"2014-06-03",0,0,10,0.5,"06","06",1.30114,13.0760002,300.8259888,11.4209995,29.6861,49.6627007,38.2809982,38.2809982,8.5655603,106,36,70,20.6625996,17.0431004,0,-0.342020143325669,154,2,2,0,"Untreated",27.8,26
"282","EMPAID_NSF09A_2015",2015,"EMPAID","EMPAID_SF","U",2,"PIPO",136,"2015-05-17",3,108.333333333333,15,1,"05","06",1.07384,7.90026,252.1320038,13.1206999,25.5499992,47.1105995,29.8034992,29.8034992,6.6588402,109,36,73,13.9837999,16.9258003,0,-0.719339800338651,137,5,0,3,"Untreated",27.9,66
"283","EMPAID_NSF09A_2017",2017,"EMPAID","EMPAID_SF","H",2.2,"PIPO",129,"2017-05-24",3,41.6666666666667,10,0.666666666666667,"05","07",1.50231,15.8879004,309.4450073,10.9294004,31.8274994,48.2546005,44.3824997,44.3824997,7.77354,110,45,65,26.0692005,59.4309006,5.8961601,-0.629320391049837,144,4,4,3,"Treated",32.5,77
"284","EMPAID_NSG08A_2014",2014,"EMPAID","Incidental","HB",16,"PIPO",89,"2014-05-25",0,83.3333333333333,2.5,0.636363636363636,"05","06",1.00731,11.9118996,329.019989,12.3838997,17.0725002,28.3073997,9.0642405,9.0642405,6.0721598,111,59,52,16.8297997,29.9794998,37.1957016,0.0174524064372836,145,6,1,3,"Treated",26,62
"285","EMPAID_NSG09A_2015",2015,"EMPAID","Incidental","HB",4,"PIPO",345,"2015-06-12",2,33.3333333333333,7.5,0.571428571428571,"06","07",0.578571,5.3562899,287.3630066,27.7528,9.2402496,30.9181995,9.2402496,9.2402496,3.5494299,89,40,49,7.6799998,37.3717003,67.2630997,0.965925826289068,163,4,4,3,"Treated",31.2,31
"286","EMPAID_NSG10A_2012",2012,"EMPAID","Incidental","HB",5.4,"PIPO",262,"2012-05-22",2,41.6666666666667,2.5,0.666666666666667,"05","07",0.197419,0.563824,136.2339935,68.9445038,1.99472,28.2488003,14.4031,14.4031,0.49868,63,32,31,0.370355,33.7635994,60.0469017,-0.139173100960066,143,4,1,2,"Treated",31.5,68
"287","EMPAID_NSG10A_2013",2013,"EMPAID","Incidental","HB",2.2,"PIPO",324,"2013-06-09",0,0,0,0,"06","07",0.175385,0.298421,83.7570038,67.5904007,2.2293899,33.3821983,20.4459,20.4459,0.234673,62,23,39,0.598113,36.1689987,56.8202019,0.809016994374947,160,3,3,2,"Treated",31.4,31
"288","EMPAID_NSG10A_2014",2014,"EMPAID","Incidental","HB",1.7,"PIPO",343,"2014-06-01",1,0,0,0,"06","07",0.357692,1.44987,174.7400055,39.235199,4.5467901,23.5552998,5.01613,5.01613,1.1147,85,46,39,1.94034,33.1475983,62.2470016,0.956304755963035,152,4,4,3,"Treated",31.4,31
"289","EMPAID_NSG10A_2015",2015,"EMPAID","Incidental","HB",1.9,"PIPO",76,"2015-05-14",0,33.3333333333333,12.5,0.666666666666667,"05","06",0.600698,4.6520901,259.7009888,31.5953007,8.41889,33.5289001,19.8591995,19.8591995,2.6694,74,31,43,6.3238802,39.2490005,76.5034027,0.241921895599668,134,4,4,2,"Treated",26.4,61
"290","EMPAID_NSG10A_2016",2016,"EMPAID","Incidental","HB",1.9,"PIPO",260,"2016-05-21",0,25,10,0.714285714285714,"05","06",0.610851,5.1621599,272.9609985,29.1126003,9.3575802,33.8809013,20.2112007,20.2112007,3.1387501,81,34,47,7.1788402,40.2463989,80.8741989,-0.17364817766693,142,4,4,3,"Treated",26.3,61
"291","EMPAID_NSG10A_2017",2017,"EMPAID","Incidental","HB",2.5,"PIPO",145,"2017-05-23",0,16.6666666666667,7.5,0.4,"05","06",0.484286,3.5378799,251.1049957,33.7626991,6.6295099,27.9260998,7.8615398,7.8615398,2.4640701,82,40,42,5.0366998,34.966301,76.3274002,-0.819152044288992,143,7,0,4,"Treated",26.4,61
"292","EMPAID_NSG10A_2019",2019,"EMPAID","Incidental","B",3.8,"PIPO",250,"2019-05-31",3,0,0,0,"05","07",0.357692,1.5509,182.6430054,34.8348999,4.5467901,19.1844997,4.4587898,4.4587898,0.968026,104,65,39,1.91022,26.1366997,45.5265007,-0.342020143325669,151,4,4,3,"Treated",31.5,68
"293","EMPAID_NWM03A_2013",2013,"EMPAID","Incidental","H",3.4,"PIPO",184,"2013-05-28",4,0,0,0,"05","07",2.3706801,35.8833008,375.9819946,10.5274,33.9981995,43.0037994,22.6166,22.6166,17.2777996,92,48,44,60.4410019,39.4543991,19.1257992,-0.997564050259824,148,5,5,4,"Treated",30.3,78
"294","EMPAID_NWM03A_2015",2015,"EMPAID","Incidental","HB",2.3,"PIPO",334,"2015-05-26",3,0,0,0,"05","07",1.03641,8.1560497,262.0979919,23.2483006,21.6191998,55.8521996,38.3396988,38.3396988,5.8374901,91,27,64,14.7459002,38.1049995,50.3959999,0.898794046299167,146,7,1,4,"Treated",30,79
"295","EMPAID_NWM03A_2016",2016,"EMPAID","Incidental","HB",2.4,"PIPO",62,"2016-06-11",0,41.6666666666667,7.5,0.875,"06","07",0.93169,8.8367796,291.2850037,23.3983002,21.5606003,57.4361992,46.641201,46.641201,5.4561501,90,19,71,13.5549002,39.5130997,50.3372993,0.469471562785891,163,4,4,3,"Treated",30,37
"296","EMPAID_NWM03A_2017",2017,"EMPAID","Incidental","HB",10.5,"PIPO",72,"2017-06-03",3,50,12.5,0.818181818181818,"06","07",0.824348,5.3541498,234.4140015,27.8251991,18.5391998,58.3456001,42.2411003,42.2411003,4.0187702,94,25,69,9.2984695,39.7476997,47.4919014,0.309016994374947,154,7,2,4,"Treated",30.5,36
"297","EMPAID_NWM03A_2018",2018,"EMPAID","Incidental","HB",3.5,"PIPO",117,"2018-05-26",4,0,0,0,"05","07",0.954783,8.3468904,278.2479858,23.2059994,21.4726009,56.2627983,43.6198006,43.6198006,5.2801399,91,22,69,14.0934,38.9556999,49.8386993,-0.453990499739547,146,7,0,4,"Treated",30.2,78
"298","EMPAID_NWM03A_2019",2019,"EMPAID","Incidental","HB",2,"PIPO",166,"2019-06-08",1,25,0,1,"06","07",0.835541,7.5601301,283.6929932,25.2553005,20.1525002,57.8175011,46.2305984,46.2305984,4.9281301,98,24,74,11.7763004,40.6864014,49.9560013,-0.970295726275996,159,3,3,1,"Treated",30.1,37
"299","EMPAID_NWM06A_2015",2015,"EMPAID","Incidental","U",0.8,"PIPO",353,"2015-06-06",1,50,35,0.85,"06","07",1.49667,15.1724997,302.2839966,16.2989006,26.3419991,53.0653992,38.4277,38.4277,10.5895996,88,34,54,23.6194,34.2036018,39.1609993,0.992546151641322,157,5,0,3,"Untreated",30.8,36
"300","EMPAID_NWM07A_2012",2012,"EMPAID","Incidental","H",3.3,"PIPO",158,"2012-05-26",3,8.33333333333333,2.5,0.5,"05","07",2.37255,39.337101,394.7160034,9.55126,36.3450012,42.3585014,23.5846004,23.5846004,18.8031998,97,50,47,69.9468002,37.8116989,19.1844997,-0.927183854566787,147,5,0,3,"Treated",30,79
"301","EMPAID_NWRF-L08A_2015",2015,"EMPAID","EMPAID_WRF-L","H",2.5,"PIPO",263,"2015-05-17",3,16.6666666666667,40,0.666666666666667,"05","06",7.95857,96.853302,334.2109985,11.8463001,54.4734993,35.6996002,40.7158012,22.1765995,40.7158012,86,65,21,161.7660065,23.9073009,0.410678,-0.121869343405147,137,5,1,3,"Treated",28.4,60
"302","EMPAID_NWRF-M06A_2013",2013,"EMPAID","EMPAID_WRF-M","U",7.1,"PIPO",335,"2013-06-06",3,33.3333333333333,25,0.571428571428571,"06","07",3.1094999,49.1934013,384.9719849,10.4211998,40.5396996,51.7747002,28.7180996,28.7180996,24.8460007,69,29,40,90.2741013,4.31212,0,0.90630778703665,157,5,0,3,"Untreated",31.7,33
"303","EMPAID_NWRF-M06A_2015",2015,"EMPAID","EMPAID_WRF-M","H",3,"PIPO",200,"2015-05-28",3,8.33333333333333,42.5,0.5,"05","07",6.52846,110.6809998,399.4190063,11.8261995,55.3241005,37.0196991,44.3824997,12.8776999,44.3824997,86,60,26,227.4450073,20.6805992,4.1654401,-0.939692620785908,148,4,4,4,"Treated",31.7,73
"304","EMPAID_NWRF-M06A_2016",2016,"EMPAID","EMPAID_WRF-M","H",2.1,"PSME",270,"2016-05-28",4,16.6666666666667,20,0.6,"05","07",5.9657102,108.2320023,414.0329895,11.4113998,54.4440994,37.9583015,43.6198006,15.8697996,43.6198006,81,53,28,196.2720032,21.7658997,8.7122297,-1.83690953073357e-16,149,4,4,4,"Treated",31.6,73
"305","EMPAID_NWRF-M08A_2019",2019,"EMPAID","EMPAID_WRF-M","B",7.4,"PIPO",15,"2019-06-05",3,25,2.5,0.5,"06","07",6.2568002,103.2689972,393.7650146,10.8755999,50.9827003,34.6436005,41.1557999,14.7551003,41.1557999,86,61,25,225.5549927,22.8806,24.5820007,0.965925826289068,156,7,0,4,"Treated",31.8,34
"306","EMPAID_NWRF-M09A_2018",2018,"EMPAID","EMPAID_WRF-M","HB",4.3,"PIPO",50,"2018-06-10",3,16.6666666666667,17.5,0.333333333333333,"06","07",7.3839102,147.0299988,434.8819885,14.8796997,55.3535004,30.6541996,51.4813995,10.8830004,51.4813995,92,69,23,241.8600006,25.3446999,24.3472996,0.642787609686539,161,4,4,3,"Treated",32,34
